Name,Father Name,Mobile No,Unique ID,2 Wheeler No,4 Wheeler No
Vikas Chauhan,Neha Chauhan,9304478005,UID1001,MP43JP1459,MP62ZV9244
Pooja Joshi,Karan Yadav,9506915527,UID1002,MP14NZ2792,MP28WX7759
Karan Sharma,Vikas Mishra,9666967403,UID1003,MP40IZ6323,MP90JG2347
Karan Sharma,Neha Gupta,9573488439,UID1004,MP83QL3652,MP40HQ6905
Sneha Yadav,Arjun Tiwari,9917959920,UID1005,MP93IB7694,MP47MI6478
Neha Singh,Arjun Joshi,9869518481,UID1006,MP18JQ2215,MP11CX2056
Anjali Patel,Vikas Mishra,9989220986,UID1007,MP20TD6315,MP29TV8862
Pooja Mishra,Rohit Mishra,9228510574,UID1008,MP99JV3764,MP31QD7232
Rahul Singh,Rahul Singh,9744667319,UID1009,MP40MK4023,MP47CU8459
Anjali Singh,Amit Joshi,9848733111,UID1010,MP70RL6692,MP71YM2425
Vikas Yadav,Pooja Tiwari,9265151093,UID1011,MP81RP9135,MP95VQ8636
Rohit Mishra,Anjali Joshi,9988000214,UID1012,MP77NS4921,MP33NM5299
Amit Chauhan,Rahul Chauhan,9334439778,UID1013,MP42JC9023,MP34LQ3959
Neha Verma,Sneha Gupta,9540461965,UID1014,MP36NW9889,MP52OA7068
Amit Joshi,Karan Yadav,9288800181,UID1015,MP47JD8217,MP34DH3385
Rahul Gupta,Neha Sharma,9304218817,UID1016,MP36CU6013,MP85FC5160
Amit Mishra,Amit Verma,9773364094,UID1017,MP28JK7781,MP54UA2181
Anjali Joshi,Rohit Sharma,9081082185,UID1018,MP68CK3360,MP33JW8692
Vikas Verma,Amit Patel,9511987839,UID1019,MP69YT1644,MP93XN4565
Sneha Sharma,Vikas Sharma,9390892431,UID1020,MP44NJ3425,MP59UR7842
Neha Tiwari,Neha Chauhan,9916629015,UID1021,MP39IY5513,MP80ZJ8759
Karan Singh,Rohit Mishra,9833255708,UID1022,MP37WP5472,MP65CL4567
Arjun Yadav,Rohit Chauhan,9948660799,UID1023,MP63AA3407,MP32ZA5754
Anjali Joshi,Amit Joshi,9006296956,UID1024,MP22ZW8396,MP28QB3291
Karan Singh,Arjun Tiwari,9625184472,UID1025,MP82SK5733,MP96XS7598
Rohit Chauhan,Rohit Tiwari,9342098727,UID1026,MP33UV5680,MP40YD4039
Vikas Gupta,Sneha Tiwari,9929060174,UID1027,MP82LW8256,MP44DY8834
Arjun Joshi,Vikas Yadav,9880385798,UID1028,MP27RD4363,MP12IO8504
Pooja Chauhan,Rahul Singh,9533048911,UID1029,MP99NY9398,MP56ZK3738
Amit Yadav,Anjali Patel,9454579173,UID1030,MP93AW1202,MP21PZ2262
Rahul Gupta,Anjali Mishra,9032933787,UID1031,MP45PE6498,MP78LF4964
Pooja Verma,Rahul Joshi,9794688283,UID1032,MP91DN7861,MP15QQ2480
Pooja Singh,Pooja Patel,9975935552,UID1033,MP22LW3862,MP93TB9487
Neha Sharma,Rohit Yadav,9637528332,UID1034,MP25CJ1219,MP31ZU6643
Pooja Patel,Neha Chauhan,9871343194,UID1035,MP20QQ6914,MP92UX6689
Anjali Chauhan,Amit Gupta,9586022295,UID1036,MP32AY6076,MP18XR6517
Amit Sharma,Anjali Singh,9877999070,UID1037,MP43IP4036,MP11EF7036
Vikas Mishra,Rohit Singh,9292237865,UID1038,MP69GC7873,MP38LA5682
Rohit Mishra,Arjun Mishra,9575435501,UID1039,MP27VO3104,MP59PC1291
Rohit Chauhan,Vikas Verma,9487443380,UID1040,MP60US7627,MP46RH3547
Karan Yadav,Vikas Tiwari,9437534088,UID1041,MP41TR2458,MP44IM5539
Neha Singh,Rahul Patel,9538379406,UID1042,MP74OZ1024,MP61WL6200
Karan Joshi,Sneha Chauhan,9723597377,UID1043,MP63BJ3065,MP48CS7111
Neha Verma,Sneha Verma,9568613032,UID1044,MP52NE2498,MP11KY9830
Pooja Chauhan,Pooja Patel,9064834776,UID1045,MP70YJ3818,MP15BE8148
Neha Sharma,Rohit Tiwari,9098809359,UID1046,MP94NX8632,MP74CE5500
Amit Yadav,Karan Verma,9197279674,UID1047,MP64XT4931,MP45LF6306
Arjun Sharma,Vikas Sharma,9694205696,UID1048,MP19VT7614,MP51JL5024
Rohit Mishra,Anjali Yadav,9138950657,UID1049,MP14WH5506,MP66VO6834
Neha Gupta,Pooja Chauhan,9859523205,UID1050,MP27SO2035,MP89ZR7514
Rohit Yadav,Vikas Verma,9494491093,UID1051,MP37OT1010,MP39SC2273
Rahul Tiwari,Anjali Verma,9704929205,UID1052,MP70MA4553,MP93PE3095
Sneha Yadav,Karan Mishra,9698430615,UID1053,MP30EJ2675,MP79PF5965
Rahul Tiwari,Amit Sharma,9155349765,UID1054,MP87MA3253,MP49OC9348
Pooja Mishra,Sneha Verma,9099152238,UID1055,MP93HF7213,MP90KD8676
Anjali Singh,Arjun Joshi,9028233527,UID1056,MP58ZS8899,MP20KT3693
Anjali Patel,Vikas Sharma,9433000976,UID1057,MP49KV3448,MP67KR9527
Anjali Sharma,Anjali Sharma,9206984068,UID1058,MP38UW8284,MP93MU5308
Arjun Verma,Arjun Verma,9411281642,UID1059,MP11BO8385,MP94GX2422
Sneha Verma,Amit Joshi,9208053056,UID1060,MP45SA2404,MP79AT4460
Rohit Patel,Neha Sharma,9920057664,UID1061,MP17GJ4889,MP30TV9450
Arjun Chauhan,Neha Sharma,9752348952,UID1062,MP17WM6049,MP43NO6199
Anjali Yadav,Vikas Chauhan,9652926898,UID1063,MP12GD7977,MP84RH3409
Vikas Sharma,Vikas Yadav,9258318107,UID1064,MP93ZD1614,MP60FP7837
Karan Gupta,Neha Mishra,9763399950,UID1065,MP32QQ2707,MP37XB4944
Pooja Yadav,Pooja Chauhan,9104889141,UID1066,MP99ES2735,MP91BS1486
Pooja Chauhan,Pooja Verma,9928839634,UID1067,MP54GX9480,MP49QB1933
Pooja Singh,Vikas Singh,9284923689,UID1068,MP10IP9948,MP70PR7055
Karan Singh,Amit Sharma,9183939606,UID1069,MP74OD2807,MP17CF7363
Rohit Gupta,Karan Joshi,9739969866,UID1070,MP33UQ6467,MP29AW6889
Anjali Verma,Vikas Yadav,9614166506,UID1071,MP88SK1532,MP68NL4473
Anjali Patel,Pooja Mishra,9453193098,UID1072,MP58AI6110,MP53BR7029
Rahul Patel,Vikas Patel,9063966263,UID1073,MP32RE3364,MP30SI1187
Rahul Sharma,Vikas Mishra,9808133080,UID1074,MP94EO4334,MP19YM8672
Anjali Gupta,Pooja Chauhan,9482224379,UID1075,MP48EB2298,MP84DU7230
Vikas Mishra,Amit Joshi,9543919311,UID1076,MP10CR3869,MP37VV1665
Pooja Gupta,Rahul Gupta,9040755778,UID1077,MP21HU1179,MP47NE1802
Vikas Chauhan,Sneha Singh,9939596359,UID1078,MP12LD9036,MP45ZL3041
Rohit Patel,Arjun Chauhan,9900549670,UID1079,MP62RJ3033,MP96HP7810
Rohit Gupta,Rahul Yadav,9706714901,UID1080,MP48WZ3423,MP60AU6419
Pooja Mishra,Arjun Mishra,9058839377,UID1081,MP20KD2043,MP44IJ5596
Amit Sharma,Neha Yadav,9338131077,UID1082,MP51SZ3812,MP38QC2204
Rahul Sharma,Vikas Singh,9170103784,UID1083,MP96OM4285,MP21TN7705
Vikas Patel,Pooja Gupta,9811205314,UID1084,MP21FX4940,MP95KX4124
Vikas Sharma,Neha Tiwari,9998689400,UID1085,MP84HA9015,MP29HG4395
Rohit Tiwari,Anjali Mishra,9599863920,UID1086,MP69QF5383,MP27AN5222
Karan Sharma,Rohit Gupta,9606444806,UID1087,MP86CL3060,MP86NO4742
Rahul Gupta,Arjun Verma,9759079229,UID1088,MP95WL1227,MP52XH4199
Rohit Yadav,Karan Yadav,9309036799,UID1089,MP55KZ5353,MP46IQ8190
Sneha Chauhan,Rahul Mishra,9573258887,UID1090,MP95NN5960,MP11KO8516
Anjali Tiwari,Amit Gupta,9637120081,UID1091,MP27HA4465,MP47XN6414
Anjali Sharma,Arjun Patel,9729949108,UID1092,MP97TC1583,MP12MD9397
Vikas Verma,Sneha Mishra,9414569722,UID1093,MP27LH4181,MP11FM1862
Neha Sharma,Arjun Chauhan,9389991823,UID1094,MP88FO8981,MP80FJ7054
Rahul Patel,Neha Verma,9166776046,UID1095,MP85UG3879,MP49UN2775
Arjun Joshi,Neha Sharma,9692242745,UID1096,MP66RY2079,MP66BF3674
Karan Gupta,Arjun Joshi,9856283577,UID1097,MP77DO6529,MP72TK7572
Amit Mishra,Amit Verma,9713570559,UID1098,MP40CI1433,MP81XV9209
Amit Tiwari,Anjali Yadav,9067805476,UID1099,MP55MV1954,MP39LI2530
Vikas Chauhan,Vikas Chauhan,9601596524,UID1100,MP61BW5823,MP49TC6922
Vikas Sharma,Karan Yadav,9941193861,UID1101,MP95AY2591,MP74UX2734
Sneha Gupta,Vikas Joshi,9851069396,UID1102,MP44QV4383,MP28SC3785
Arjun Gupta,Rohit Mishra,9257435195,UID1103,MP94EV6164,MP15XU7006
Sneha Patel,Arjun Mishra,9916556066,UID1104,MP55IU5594,MP25YV8453
Arjun Sharma,Pooja Gupta,9267985067,UID1105,MP55CB9780,MP49MZ5720
Rohit Sharma,Sneha Patel,9103625373,UID1106,MP27RL2456,MP68WL8511
Vikas Gupta,Rohit Joshi,9896259790,UID1107,MP62ZC1571,MP72FZ2637
Anjali Sharma,Rohit Sharma,9610838514,UID1108,MP28OC9187,MP64JG9366
Rahul Mishra,Rahul Patel,9795193708,UID1109,MP78KD8166,MP40NM8905
Arjun Mishra,Karan Patel,9122238747,UID1110,MP54UN5283,MP82VR1262
Arjun Joshi,Rohit Chauhan,9209689787,UID1111,MP13FN4974,MP33CV1820
Pooja Verma,Karan Yadav,9753586715,UID1112,MP63CB8071,MP64DZ3313
Anjali Verma,Arjun Gupta,9797901139,UID1113,MP72QI6519,MP93OE1545
Karan Sharma,Vikas Chauhan,9216368722,UID1114,MP61NT2432,MP30EA4142
Rahul Sharma,Rohit Sharma,9438607211,UID1115,MP44PT3152,MP13FS6179
Rahul Verma,Sneha Chauhan,9779173666,UID1116,MP41MV6191,MP25TI7946
Amit Singh,Arjun Sharma,9420075179,UID1117,MP80KT4971,MP47NC2621
Rohit Sharma,Rahul Mishra,9996339540,UID1118,MP11TH1810,MP66OM8351
Neha Tiwari,Amit Singh,9912735256,UID1119,MP51TE2090,MP56VL8223
Arjun Verma,Arjun Yadav,9662368700,UID1120,MP84QW4217,MP72FG2049
Vikas Gupta,Arjun Tiwari,9901474653,UID1121,MP40YR6525,MP55OV3043
Amit Verma,Rahul Chauhan,9606905885,UID1122,MP40JP6720,MP28PZ9777
Vikas Mishra,Rohit Mishra,9474878110,UID1123,MP70ND7702,MP73EA8070
Vikas Chauhan,Sneha Patel,9945184332,UID1124,MP24LQ7445,MP80BM1180
Rahul Gupta,Rahul Tiwari,9393206707,UID1125,MP53ZA8649,MP24KV1661
Pooja Sharma,Rohit Sharma,9550944629,UID1126,MP97JO2822,MP37VT5633
Anjali Tiwari,Neha Tiwari,9447298038,UID1127,MP95LB7329,MP52PJ8503
Rahul Singh,Rahul Joshi,9856267898,UID1128,MP51CM9512,MP34ZA9206
Anjali Tiwari,Vikas Tiwari,9609366406,UID1129,MP16XV3600,MP40FR8220
Sneha Tiwari,Arjun Mishra,9275036629,UID1130,MP45FI8999,MP46CG5035
Karan Mishra,Karan Verma,9132050737,UID1131,MP53CM5340,MP32GQ1681
Sneha Joshi,Rahul Sharma,9366988593,UID1132,MP23YX5102,MP44UM5201
Neha Singh,Pooja Singh,9531180318,UID1133,MP59HC7859,MP43FY2485
Pooja Sharma,Rahul Patel,9237047025,UID1134,MP95HD2534,MP31MI3811
Pooja Chauhan,Sneha Patel,9299239332,UID1135,MP82ZT6905,MP60NJ5747
Rahul Patel,Rahul Mishra,9328053009,UID1136,MP40NW5808,MP26FH6152
Sneha Singh,Arjun Chauhan,9475262350,UID1137,MP10MW8184,MP88BU2328
Amit Patel,Neha Verma,9424788411,UID1138,MP35OZ4627,MP24XD4646
Neha Singh,Neha Gupta,9674719709,UID1139,MP27PN3835,MP59DG1935
Amit Singh,Rohit Chauhan,9632641221,UID1140,MP90LW1533,MP39CA1799
Pooja Joshi,Sneha Singh,9502135592,UID1141,MP15FM2800,MP84OZ3393
Anjali Mishra,Pooja Chauhan,9608823010,UID1142,MP43LF2819,MP55ZM3356
Pooja Tiwari,Rahul Patel,9273060144,UID1143,MP28AW3942,MP87KK5764
Anjali Verma,Rohit Verma,9948210206,UID1144,MP40OE3188,MP45MT7520
Sneha Mishra,Neha Tiwari,9584604988,UID1145,MP52WH4218,MP68ID5595
Sneha Chauhan,Vikas Tiwari,9753040568,UID1146,MP18AU9372,MP63IW1313
Karan Singh,Arjun Yadav,9909142072,UID1147,MP35PH7663,MP71HX8989
Rahul Verma,Rahul Singh,9480644317,UID1148,MP56DU3580,MP18GL9444
Pooja Sharma,Amit Yadav,9947890882,UID1149,MP41YX5629,MP22GR4126
Arjun Tiwari,Arjun Yadav,9469073231,UID1150,MP49GC7200,MP94DM9476
Neha Verma,Pooja Gupta,9768920765,UID1151,MP59ZS3144,MP19QY3180
Anjali Verma,Amit Singh,9651822480,UID1152,MP82AT9235,MP15QX4705
Anjali Gupta,Sneha Mishra,9244482568,UID1153,MP56VR8867,MP34JF2817
Pooja Joshi,Vikas Patel,9613793903,UID1154,MP13WF3288,MP33ZK2344
Arjun Yadav,Arjun Yadav,9081809961,UID1155,MP25IT2310,MP30GI3495
Karan Yadav,Pooja Gupta,9672570903,UID1156,MP45ZH3084,MP65DO2939
Arjun Verma,Arjun Tiwari,9990415929,UID1157,MP16GT3581,MP16MT9650
Sneha Gupta,Vikas Singh,9918973376,UID1158,MP82GI7403,MP51UO6311
Anjali Joshi,Neha Joshi,9822344120,UID1159,MP35RP4751,MP71YP1961
Pooja Patel,Rahul Chauhan,9609020473,UID1160,MP61VO6812,MP85SS2494
Rahul Gupta,Sneha Mishra,9280465071,UID1161,MP58SA3299,MP62ZS6115
Arjun Tiwari,Rahul Singh,9471207447,UID1162,MP41MM5495,MP37BG8803
Anjali Verma,Rahul Chauhan,9451030000,UID1163,MP27GT8443,MP30NX1301
Vikas Patel,Karan Joshi,9640237416,UID1164,MP63WI4408,MP16SK1984
Rahul Joshi,Sneha Joshi,9519874983,UID1165,MP42XD4464,MP38VJ6835
Sneha Yadav,Karan Singh,9295460595,UID1166,MP60SB3202,MP42ZB5874
Rahul Patel,Anjali Mishra,9643356976,UID1167,MP88DR6277,MP21GM8421
Anjali Patel,Anjali Verma,9495900426,UID1168,MP19CT4530,MP17PX6687
Rahul Yadav,Amit Mishra,9942405478,UID1169,MP66PG6005,MP83AN6140
Arjun Yadav,Rohit Yadav,9552548488,UID1170,MP37YP6439,MP70EH7788
Amit Yadav,Anjali Verma,9669519009,UID1171,MP98PZ4583,MP70NW1061
Anjali Verma,Rohit Gupta,9293244573,UID1172,MP57MV6956,MP41MU9301
Amit Patel,Arjun Singh,9645739250,UID1173,MP94YI7713,MP87BQ2752
Vikas Gupta,Rohit Singh,9176904244,UID1174,MP39AH5492,MP95DO8160
Arjun Yadav,Arjun Tiwari,9112099024,UID1175,MP29VU8035,MP80MW8821
Rohit Tiwari,Neha Joshi,9159069858,UID1176,MP60ZI2334,MP55ZU2142
Rahul Verma,Vikas Verma,9215388022,UID1177,MP74JA7457,MP92PB8098
Neha Yadav,Vikas Patel,9376635745,UID1178,MP17TA1139,MP38YU7485
Rahul Yadav,Anjali Joshi,9331739154,UID1179,MP44JX7597,MP56PP4952
Vikas Singh,Anjali Chauhan,9292115669,UID1180,MP16UF3292,MP28WE1535
Arjun Yadav,Sneha Sharma,9555831553,UID1181,MP90SW1321,MP19EC3593
Sneha Yadav,Vikas Verma,9618132310,UID1182,MP78WA7093,MP30NJ5357
Pooja Chauhan,Arjun Gupta,9639426297,UID1183,MP94PU8141,MP12WR1274
Rahul Sharma,Vikas Singh,9972190899,UID1184,MP66KQ5263,MP35WM6435
Rahul Chauhan,Karan Sharma,9888920796,UID1185,MP79JD4960,MP73OQ3141
Anjali Verma,Pooja Tiwari,9173141945,UID1186,MP50CY7806,MP14WI7097
Sneha Yadav,Amit Singh,9107722257,UID1187,MP32YB2260,MP46KA6455
Amit Joshi,Amit Chauhan,9246070221,UID1188,MP90HW5178,MP40LK2279
Karan Gupta,Arjun Singh,9727794005,UID1189,MP85VA1497,MP47LP6460
Anjali Yadav,Neha Mishra,9026826448,UID1190,MP84GG8431,MP74XZ6346
Sneha Patel,Rahul Tiwari,9908357130,UID1191,MP96TT9853,MP93BU8618
Vikas Joshi,Anjali Tiwari,9757597412,UID1192,MP40TR9430,MP50ZW7307
Rohit Mishra,Sneha Verma,9075162614,UID1193,MP36MM6657,MP57EL8256
Neha Mishra,Vikas Gupta,9150736853,UID1194,MP54VF6942,MP41LP2179
Arjun Joshi,Pooja Chauhan,9215396336,UID1195,MP55BF2487,MP22ZS1286
Sneha Verma,Vikas Patel,9862743278,UID1196,MP38CB6514,MP91BE3138
Sneha Verma,Rohit Joshi,9568536947,UID1197,MP95PS7945,MP23ZT7642
Anjali Chauhan,Sneha Gupta,9816744302,UID1198,MP84FO8680,MP80KA8707
Sneha Joshi,Rahul Sharma,9167736617,UID1199,MP81WW3659,MP30AW7651
Karan Yadav,Amit Yadav,9603907034,UID1200,MP62XM3350,MP16BD8675
Neha Chauhan,Vikas Gupta,9387241113,UID1201,MP90EY2039,MP60IW6665
Neha Chauhan,Sneha Joshi,9032343356,UID1202,MP46JP7915,MP79GQ2916
Neha Yadav,Arjun Sharma,9379445328,UID1203,MP89MZ4836,MP86RO7471
Vikas Verma,Amit Singh,9870762287,UID1204,MP75HI8492,MP99PF7145
Rohit Gupta,Neha Singh,9920871301,UID1205,MP95KH7349,MP89VX8409
Arjun Patel,Sneha Singh,9640759634,UID1206,MP28XO8319,MP44XA7419
Arjun Yadav,Arjun Singh,9573198670,UID1207,MP45TW4458,MP16FY3453
Vikas Yadav,Vikas Joshi,9017344918,UID1208,MP46WM2019,MP94NC9936
Rahul Joshi,Anjali Patel,9671192908,UID1209,MP51VJ3979,MP56FY3640
Vikas Singh,Karan Joshi,9756227141,UID1210,MP43DQ1928,MP46RE3561
Rohit Tiwari,Rahul Chauhan,9369815064,UID1211,MP15VR9903,MP59AD4821
Rahul Joshi,Pooja Verma,9607074253,UID1212,MP66FC7498,MP77ZT4916
Neha Sharma,Arjun Verma,9726068050,UID1213,MP31UP8652,MP44YT9464
Sneha Joshi,Karan Gupta,9820687393,UID1214,MP31MG8409,MP93LN9506
Pooja Joshi,Sneha Gupta,9509100989,UID1215,MP36UM7832,MP24BL7293
Amit Chauhan,Amit Joshi,9266550168,UID1216,MP96BX6679,MP20HG4822
Neha Gupta,Pooja Sharma,9452395642,UID1217,MP54OM3230,MP77LD4461
Arjun Chauhan,Karan Verma,9687981115,UID1218,MP96VZ4086,MP71EE4498
Karan Yadav,Amit Patel,9902207849,UID1219,MP20FI7062,MP19GB4241
Amit Patel,Anjali Chauhan,9663578109,UID1220,MP24VG9037,MP61UB4774
Vikas Gupta,Karan Verma,9920433797,UID1221,MP17NK7931,MP49XB9089
Arjun Gupta,Pooja Patel,9619345032,UID1222,MP36VF8660,MP96IT9316
Rohit Yadav,Sneha Singh,9123476156,UID1223,MP20VK9006,MP37DA3866
Arjun Tiwari,Amit Tiwari,9468410145,UID1224,MP87IA1403,MP49PO4419
Sneha Singh,Karan Patel,9011761589,UID1225,MP74NG8382,MP77NX8479
Neha Verma,Pooja Chauhan,9887307623,UID1226,MP75TQ5367,MP20HL5958
Sneha Singh,Neha Chauhan,9098333697,UID1227,MP94RH1836,MP61CE4287
Neha Patel,Vikas Chauhan,9701858325,UID1228,MP15JM5214,MP64CO3166
Neha Verma,Karan Yadav,9733356090,UID1229,MP78GT6226,MP35SF3293
Amit Yadav,Rahul Singh,9525663002,UID1230,MP41IM7986,MP34LR5238
Sneha Singh,Vikas Chauhan,9761601735,UID1231,MP28RW9371,MP93HY9932
Arjun Yadav,Vikas Sharma,9278104118,UID1232,MP97LM2493,MP56UB7087
Amit Sharma,Rahul Mishra,9946150030,UID1233,MP12SK8816,MP64LQ9062
Rahul Mishra,Neha Gupta,9361931535,UID1234,MP70EW5430,MP79HZ3077
Amit Mishra,Pooja Verma,9229758220,UID1235,MP21VC8748,MP23NJ1619
Sneha Verma,Rahul Verma,9819996040,UID1236,MP92JE1667,MP82EN2889
Arjun Tiwari,Arjun Gupta,9961364940,UID1237,MP39NP4025,MP93MN8851
Neha Joshi,Vikas Sharma,9150876712,UID1238,MP47LF4387,MP91ZX7466
Amit Yadav,Rohit Sharma,9631959124,UID1239,MP42FR2912,MP70RR4149
Rahul Joshi,Pooja Singh,9072293588,UID1240,MP76RL6744,MP69BW2322
Vikas Mishra,Neha Sharma,9690896962,UID1241,MP39LQ4413,MP38OC4555
Arjun Joshi,Rohit Verma,9365874345,UID1242,MP70AC4514,MP84TY8818
Anjali Mishra,Vikas Singh,9667737437,UID1243,MP24HT3391,MP11VZ4539
Pooja Mishra,Amit Verma,9372297677,UID1244,MP22RQ5661,MP56WH3177
Pooja Joshi,Rohit Joshi,9362027397,UID1245,MP39PA8950,MP40JX6022
Sneha Singh,Anjali Tiwari,9679531263,UID1246,MP80AW3452,MP45RQ8959
Vikas Verma,Arjun Chauhan,9393785272,UID1247,MP96UJ8879,MP69YF4498
Sneha Gupta,Arjun Joshi,9287708544,UID1248,MP17FV3763,MP11VB1787
Rohit Joshi,Neha Sharma,9789631282,UID1249,MP87WY5594,MP62RB5379
Anjali Patel,Anjali Singh,9246394608,UID1250,MP15CG2819,MP34BE7592
Pooja Chauhan,Anjali Gupta,9898525025,UID1251,MP32GD6210,MP11YV4527
Anjali Patel,Sneha Gupta,9557461817,UID1252,MP45BB1134,MP53ZZ7639
Sneha Chauhan,Rahul Gupta,9574394427,UID1253,MP43FD3174,MP61PR4148
Rahul Mishra,Rohit Tiwari,9361142760,UID1254,MP72CQ9491,MP71ZZ1972
Amit Singh,Sneha Verma,9367669149,UID1255,MP22BV5630,MP54OB1301
Vikas Patel,Amit Singh,9140590888,UID1256,MP52UN6899,MP32JH7275
Arjun Chauhan,Rohit Patel,9437891942,UID1257,MP14ZB7106,MP39HV5576
Amit Singh,Anjali Sharma,9592215822,UID1258,MP35RH8797,MP98XI7731
Vikas Gupta,Anjali Gupta,9039248183,UID1259,MP47WA8460,MP91CP6389
Neha Tiwari,Rohit Chauhan,9828144302,UID1260,MP88OP6326,MP81SK3362
Anjali Gupta,Karan Singh,9029728936,UID1261,MP84PC7443,MP58NN8419
Karan Chauhan,Anjali Chauhan,9115317314,UID1262,MP15VV6281,MP40LW1291
Karan Patel,Pooja Yadav,9955727862,UID1263,MP98RG1532,MP43LW6326
Karan Gupta,Rahul Gupta,9237837492,UID1264,MP24IK2305,MP77BO2844
Neha Patel,Arjun Patel,9325662209,UID1265,MP42AG6257,MP83IX7143
Rahul Singh,Karan Sharma,9337958827,UID1266,MP57US6939,MP78RM7867
Arjun Sharma,Rahul Verma,9501432112,UID1267,MP24BU4287,MP23UX5952
Anjali Yadav,Sneha Singh,9687620078,UID1268,MP62HY3057,MP82PX5024
Pooja Mishra,Rohit Tiwari,9835465131,UID1269,MP40DB8883,MP68TJ9134
Karan Sharma,Arjun Patel,9795704918,UID1270,MP30NN5577,MP10LT4532
Rohit Singh,Vikas Sharma,9932562739,UID1271,MP36CY2707,MP69MW6100
Arjun Patel,Amit Tiwari,9126664412,UID1272,MP90WR5574,MP70VH9937
Sneha Gupta,Vikas Sharma,9320426289,UID1273,MP64RX3990,MP82DT6733
Sneha Sharma,Neha Yadav,9726814725,UID1274,MP86CP3554,MP24ZE1110
Vikas Verma,Neha Mishra,9316454088,UID1275,MP36KO1234,MP67GF3797
Neha Yadav,Pooja Gupta,9279840230,UID1276,MP53XF8027,MP62CR4979
Anjali Joshi,Pooja Patel,9136968583,UID1277,MP21QH4683,MP34HY8481
Vikas Tiwari,Anjali Sharma,9184264072,UID1278,MP66SE9971,MP59HM3950
Amit Verma,Neha Patel,9269275312,UID1279,MP68HP8369,MP19XU5323
Rahul Tiwari,Rohit Gupta,9001058150,UID1280,MP58WL2779,MP27CM5978
Rohit Sharma,Vikas Patel,9076983245,UID1281,MP98HN9950,MP74RY3073
Pooja Sharma,Vikas Joshi,9155511034,UID1282,MP79ZR5739,MP15XD8922
Neha Verma,Arjun Mishra,9335078643,UID1283,MP77VR1400,MP75WN3500
Sneha Mishra,Pooja Singh,9372466430,UID1284,MP80DV1122,MP43FR4982
Anjali Chauhan,Karan Yadav,9958665990,UID1285,MP63OQ8890,MP87YD4639
Amit Joshi,Sneha Verma,9041427130,UID1286,MP97SC5529,MP99DZ9536
Rahul Sharma,Arjun Verma,9791732792,UID1287,MP36NO2436,MP74US7162
Arjun Patel,Neha Yadav,9117484566,UID1288,MP78TL8841,MP90QN4049
Vikas Mishra,Neha Tiwari,9807479820,UID1289,MP37YL5621,MP41BA5464
Karan Verma,Vikas Sharma,9719011768,UID1290,MP32AE9718,MP67EX9365
Sneha Tiwari,Pooja Patel,9101599932,UID1291,MP78EO8489,MP15KH8509
Rahul Sharma,Anjali Gupta,9725060321,UID1292,MP88LH4893,MP33NK8345
Vikas Chauhan,Vikas Tiwari,9541308703,UID1293,MP70ZZ1723,MP57IO9013
Sneha Sharma,Rohit Yadav,9793312312,UID1294,MP17HS7127,MP89XV6235
Rahul Singh,Karan Gupta,9495927796,UID1295,MP22FU3549,MP40OM7333
Anjali Patel,Rohit Yadav,9063579311,UID1296,MP22XN2753,MP35BP1122
Vikas Chauhan,Rahul Yadav,9766127313,UID1297,MP68NT6618,MP47BJ8670
Arjun Yadav,Amit Yadav,9120286097,UID1298,MP53UM6900,MP39BX5389
Pooja Gupta,Neha Yadav,9874490500,UID1299,MP99DZ9241,MP56WX3373
Anjali Chauhan,Karan Gupta,9566546222,UID1300,MP12IR7048,MP92XD4583
Neha Chauhan,Arjun Sharma,9326131990,UID1301,MP96ON9044,MP57HY9224
Sneha Joshi,Neha Singh,9123728229,UID1302,MP78XM1249,MP35MO3897
Amit Sharma,Neha Patel,9523104465,UID1303,MP18ZG8438,MP30UG7903
Rahul Tiwari,Amit Singh,9376028620,UID1304,MP15LJ3586,MP98CT2259
Neha Joshi,Arjun Sharma,9943294887,UID1305,MP74HN4932,MP30VB4278
Amit Tiwari,Rohit Gupta,9953352444,UID1306,MP93AC8924,MP80LS4556
Karan Tiwari,Pooja Mishra,9585666591,UID1307,MP10GX3506,MP11XA2032
Neha Verma,Neha Patel,9441855438,UID1308,MP20LA3240,MP49BX3100
Rahul Yadav,Sneha Singh,9307141300,UID1309,MP35WJ7789,MP84TC9387
Sneha Sharma,Anjali Chauhan,9623604573,UID1310,MP94XC9046,MP70DW7593
Pooja Singh,Arjun Chauhan,9173723817,UID1311,MP59FS8503,MP60CF3107
Karan Yadav,Rahul Singh,9272971447,UID1312,MP99WU6271,MP10YG6789
Rahul Gupta,Anjali Tiwari,9437630952,UID1313,MP32CQ4047,MP46ZO6518
Neha Mishra,Arjun Gupta,9509460997,UID1314,MP46QZ8293,MP37QE3815
Pooja Patel,Vikas Verma,9394319661,UID1315,MP94XZ6299,MP60OL7368
Vikas Patel,Pooja Singh,9500151579,UID1316,MP96SB5258,MP68CR8214
Pooja Sharma,Neha Tiwari,9626694583,UID1317,MP20AJ8585,MP80CC9226
Karan Singh,Vikas Gupta,9159486797,UID1318,MP29BQ7658,MP86IZ9057
Rohit Sharma,Sneha Mishra,9972206671,UID1319,MP84IX4611,MP15BL6241
Rohit Chauhan,Pooja Verma,9082344476,UID1320,MP28BP2743,MP46ZN8288
Arjun Chauhan,Pooja Patel,9793859232,UID1321,MP29OD1291,MP88ZR5693
Rahul Tiwari,Neha Tiwari,9722250750,UID1322,MP45OQ6513,MP10TX8059
Amit Verma,Vikas Verma,9188321244,UID1323,MP15ET1571,MP82RD6779
Rahul Sharma,Pooja Mishra,9426139327,UID1324,MP88PF7924,MP61EQ6027
Rohit Yadav,Anjali Chauhan,9371433478,UID1325,MP39SR2701,MP91KW2721
Rahul Mishra,Anjali Patel,9707400240,UID1326,MP22PR4035,MP91YE8463
Pooja Gupta,Anjali Gupta,9475234444,UID1327,MP86RC2065,MP25FM6529
Arjun Mishra,Rohit Verma,9578940833,UID1328,MP49BH4005,MP95RA3544
Vikas Patel,Vikas Tiwari,9413691565,UID1329,MP19MK3979,MP11VP2917
Amit Sharma,Pooja Mishra,9655267369,UID1330,MP12TF5417,MP90TH5250
Pooja Mishra,Pooja Joshi,9485433399,UID1331,MP78OD2302,MP13JV5050
Rahul Tiwari,Vikas Mishra,9549865810,UID1332,MP31ST6609,MP99IY6634
Rahul Chauhan,Rahul Gupta,9349111666,UID1333,MP20HZ6368,MP88WY1315
Anjali Gupta,Rohit Singh,9719534419,UID1334,MP35LR4073,MP58ZJ5088
Karan Tiwari,Arjun Mishra,9543285780,UID1335,MP70JI6540,MP87XY1128
Arjun Gupta,Amit Chauhan,9070044985,UID1336,MP90NU7028,MP13FP6598
Rahul Joshi,Pooja Mishra,9113650328,UID1337,MP43RO4078,MP99HE9586
Rahul Chauhan,Vikas Verma,9037529175,UID1338,MP84CB7779,MP54OI6884
Neha Mishra,Anjali Mishra,9201701060,UID1339,MP85UO6729,MP46VB1566
Rahul Verma,Amit Mishra,9822202076,UID1340,MP91JZ7978,MP68MU8193
Anjali Yadav,Arjun Tiwari,9546585802,UID1341,MP64NM2043,MP71YL7796
Pooja Joshi,Pooja Gupta,9070642996,UID1342,MP15DM1470,MP85NQ9647
Rohit Mishra,Arjun Patel,9270356827,UID1343,MP61BW6974,MP41KG2146
Arjun Gupta,Rohit Mishra,9835412633,UID1344,MP11CL8934,MP93NR4144
Sneha Chauhan,Rohit Sharma,9757736019,UID1345,MP23MA7508,MP91ZU5519
Rohit Yadav,Arjun Gupta,9217493453,UID1346,MP45VF8370,MP92FN9524
Anjali Tiwari,Arjun Yadav,9005691704,UID1347,MP90GW9695,MP91JP1213
Amit Yadav,Sneha Yadav,9665017874,UID1348,MP61RL7135,MP57II7917
Rahul Sharma,Anjali Tiwari,9226186141,UID1349,MP62AP4690,MP56PQ2354
Vikas Patel,Vikas Gupta,9337792702,UID1350,MP60GX6996,MP94BM1611
Arjun Yadav,Vikas Joshi,9974061144,UID1351,MP70EH3636,MP67CU1860
Vikas Gupta,Rahul Joshi,9452098009,UID1352,MP83WY4666,MP79WD2292
Rahul Joshi,Vikas Mishra,9427438323,UID1353,MP64FK7739,MP84SR1707
Vikas Gupta,Pooja Chauhan,9197219458,UID1354,MP91WH1805,MP71CK8691
Arjun Patel,Amit Singh,9833320732,UID1355,MP93OG8579,MP20FO2933
Vikas Patel,Arjun Yadav,9364930715,UID1356,MP52QW6611,MP23FD9828
Pooja Chauhan,Rohit Mishra,9124329144,UID1357,MP58TM7711,MP83ID7105
Amit Gupta,Rahul Patel,9773139546,UID1358,MP88EF4825,MP86UU9583
Pooja Verma,Rahul Patel,9929131572,UID1359,MP22WF3206,MP62SJ5307
Rahul Mishra,Karan Joshi,9656008590,UID1360,MP51OQ1626,MP15VD4628
Sneha Mishra,Arjun Mishra,9023454872,UID1361,MP12AC5892,MP22ED6849
Neha Sharma,Neha Patel,9025716376,UID1362,MP20VP8469,MP53GM6752
Rahul Gupta,Anjali Mishra,9316432261,UID1363,MP76NC6359,MP81RD9391
Vikas Yadav,Anjali Verma,9802004456,UID1364,MP48UR2150,MP22PU9962
Rohit Tiwari,Amit Verma,9368352690,UID1365,MP98CQ6626,MP21FW5879
Anjali Mishra,Karan Chauhan,9964438697,UID1366,MP79TY5260,MP33TI2372
Rahul Verma,Neha Gupta,9508400983,UID1367,MP86WF6598,MP37TL6749
Anjali Singh,Rohit Chauhan,9005409165,UID1368,MP19FW6529,MP43BY4664
Amit Chauhan,Vikas Verma,9002939973,UID1369,MP40HM7318,MP26YW9897
Karan Gupta,Rohit Mishra,9118787855,UID1370,MP45UY5905,MP76FG8294
Anjali Chauhan,Sneha Sharma,9345755556,UID1371,MP63WO9953,MP87VN3911
Sneha Verma,Pooja Sharma,9403343133,UID1372,MP58DM7092,MP36LI1756
Sneha Joshi,Sneha Chauhan,9034061178,UID1373,MP53ZF1965,MP41CG9436
Pooja Chauhan,Pooja Verma,9557253613,UID1374,MP19JW2287,MP74RY7036
Vikas Patel,Neha Mishra,9746213923,UID1375,MP84CE1164,MP76IL4695
Karan Chauhan,Rohit Chauhan,9841818828,UID1376,MP53TI2326,MP47QT7600
Sneha Sharma,Pooja Chauhan,9660591595,UID1377,MP57US2075,MP49IX8864
Arjun Singh,Arjun Tiwari,9852620295,UID1378,MP10GS2881,MP23IJ9361
Neha Tiwari,Neha Verma,9677602146,UID1379,MP66QV2877,MP74XJ2712
Sneha Patel,Arjun Gupta,9671549154,UID1380,MP47CG8437,MP65CG4516
Rohit Yadav,Karan Yadav,9229430204,UID1381,MP12RL6587,MP63PD7855
Rohit Gupta,Sneha Mishra,9446625666,UID1382,MP72YT4801,MP75AW6198
Neha Gupta,Anjali Mishra,9997565160,UID1383,MP74YM6235,MP42UM7602
Sneha Sharma,Sneha Mishra,9961405357,UID1384,MP73BC8836,MP58DE1626
Anjali Patel,Vikas Gupta,9320223734,UID1385,MP61AA3530,MP84SM5379
Pooja Patel,Amit Verma,9595324086,UID1386,MP15SF4802,MP71RM8868
Rahul Gupta,Sneha Tiwari,9582096073,UID1387,MP24TF5143,MP76RV4077
Anjali Chauhan,Neha Singh,9450065098,UID1388,MP90ED4421,MP60AS6982
Anjali Mishra,Rohit Patel,9611551752,UID1389,MP78QX9181,MP65DI4840
Rahul Joshi,Amit Mishra,9377083229,UID1390,MP96PN9376,MP40KB4071
Karan Tiwari,Pooja Chauhan,9782848693,UID1391,MP53FX2584,MP73SJ7372
Rohit Mishra,Neha Mishra,9875884126,UID1392,MP45YX9363,MP67NC4213
Amit Verma,Arjun Mishra,9596439545,UID1393,MP98LF8910,MP92TD2976
Vikas Sharma,Rahul Singh,9456069697,UID1394,MP17WO2238,MP24NM2818
Rahul Verma,Amit Chauhan,9552733656,UID1395,MP80OS1393,MP36EB7795
Rohit Verma,Neha Gupta,9567649168,UID1396,MP37QQ8130,MP46VS5682
Vikas Gupta,Vikas Sharma,9697866125,UID1397,MP14FY5184,MP86UI3419
Anjali Mishra,Rohit Joshi,9746005090,UID1398,MP90XB7517,MP33NC1686
Rohit Tiwari,Vikas Sharma,9940286496,UID1399,MP28IT5662,MP28XD1710
Karan Patel,Amit Joshi,9108260317,UID1400,MP86BK7363,MP14ZU2088
Amit Yadav,Amit Chauhan,9091369443,UID1401,MP42UA8814,MP80VL2470
Amit Joshi,Pooja Chauhan,9246147352,UID1402,MP36KZ7754,MP42PQ2678
Pooja Verma,Neha Verma,9396017211,UID1403,MP96HG2214,MP47NK3437
Anjali Sharma,Vikas Tiwari,9881084228,UID1404,MP59DS2911,MP42ER9004
Neha Mishra,Neha Chauhan,9139408467,UID1405,MP45ZN4123,MP15EC6505
Neha Gupta,Arjun Gupta,9972928983,UID1406,MP50JG7357,MP67SI1286
Vikas Tiwari,Vikas Mishra,9887207796,UID1407,MP40NK2755,MP70FP3461
Sneha Tiwari,Sneha Sharma,9225606254,UID1408,MP85YM1584,MP77RX6106
Vikas Tiwari,Amit Singh,9295772469,UID1409,MP71XI5115,MP72GT5798
Vikas Joshi,Pooja Yadav,9472712033,UID1410,MP10NN6030,MP16BY9901
Rahul Singh,Vikas Mishra,9443638693,UID1411,MP64KG3158,MP52CJ7456
Pooja Joshi,Arjun Chauhan,9323188871,UID1412,MP91NX6526,MP32XE9234
Karan Tiwari,Anjali Sharma,9070047297,UID1413,MP91TR2236,MP55AT7008
Rohit Sharma,Vikas Joshi,9380755057,UID1414,MP49QI3062,MP75WI9993
Anjali Gupta,Neha Chauhan,9119679322,UID1415,MP38EX6583,MP35ZB1944
Rahul Singh,Rohit Singh,9496212664,UID1416,MP99ES5454,MP67OL3205
Pooja Patel,Anjali Singh,9633915296,UID1417,MP85AF1996,MP98BK8036
Sneha Yadav,Arjun Yadav,9329755602,UID1418,MP64PI5364,MP76ZS4493
Pooja Chauhan,Rahul Patel,9924160572,UID1419,MP98WG3960,MP34MO8030
Karan Tiwari,Arjun Chauhan,9067331521,UID1420,MP70DL1282,MP98DH5422
Amit Singh,Rohit Tiwari,9247091552,UID1421,MP25OT1166,MP96WF7097
Karan Patel,Vikas Yadav,9375305802,UID1422,MP94FF9131,MP88GI3354
Karan Joshi,Vikas Verma,9719015860,UID1423,MP87RQ1740,MP31YY5010
Amit Sharma,Sneha Sharma,9813845006,UID1424,MP82YF1467,MP16CO1811
Vikas Gupta,Rohit Verma,9685264381,UID1425,MP50ZP8261,MP51DJ5062
Neha Verma,Anjali Tiwari,9390150542,UID1426,MP67UG7747,MP31CE3979
Rahul Patel,Amit Patel,9217939880,UID1427,MP95DH8365,MP95CP6492
Anjali Sharma,Sneha Patel,9540028406,UID1428,MP96DU3263,MP96HX4984
Arjun Yadav,Vikas Chauhan,9617971911,UID1429,MP72GF8267,MP88LL3246
Rahul Tiwari,Karan Singh,9179597331,UID1430,MP63XH6230,MP63VF6110
Vikas Joshi,Pooja Tiwari,9505523401,UID1431,MP83KI1213,MP16ES4739
Neha Yadav,Arjun Singh,9044757558,UID1432,MP14PL5361,MP74AF1874
Sneha Chauhan,Rahul Joshi,9839721419,UID1433,MP37RP7923,MP51TE7942
Vikas Yadav,Rahul Verma,9524865475,UID1434,MP95EK8506,MP45WY6500
Sneha Joshi,Neha Patel,9018422050,UID1435,MP20QP6097,MP45YI8495
Neha Sharma,Sneha Sharma,9092813757,UID1436,MP56RE8527,MP43XJ5768
Vikas Joshi,Vikas Patel,9668118471,UID1437,MP52SR1792,MP84BR6836
Rohit Gupta,Sneha Singh,9005450268,UID1438,MP86UP6427,MP69VZ7941
Pooja Gupta,Amit Sharma,9097338096,UID1439,MP78VJ7313,MP97CT8399
Amit Sharma,Rohit Tiwari,9570209950,UID1440,MP69YD9791,MP16LM2757
Arjun Gupta,Rahul Sharma,9443924528,UID1441,MP37JS2727,MP95RZ6026
Vikas Chauhan,Karan Gupta,9568360292,UID1442,MP18KA4248,MP89QW5083
Amit Verma,Arjun Singh,9130966604,UID1443,MP69XC2897,MP51PA8024
Arjun Chauhan,Sneha Mishra,9395183831,UID1444,MP66ZW3467,MP93AF9872
Arjun Sharma,Rohit Patel,9994954952,UID1445,MP54BR5443,MP27SU2716
Amit Verma,Sneha Sharma,9980675242,UID1446,MP16YZ2503,MP48LB5823
Rahul Mishra,Vikas Mishra,9184635769,UID1447,MP44ZF2946,MP79NU7978
Arjun Chauhan,Neha Joshi,9065843120,UID1448,MP54AK6561,MP55MX4223
Arjun Yadav,Amit Joshi,9981611375,UID1449,MP54UY6946,MP98QP7836
Vikas Singh,Rahul Singh,9903089481,UID1450,MP85KL2672,MP25HK4933
Sneha Chauhan,Sneha Chauhan,9866740491,UID1451,MP86PW8010,MP34UP5304
Pooja Verma,Arjun Chauhan,9136013032,UID1452,MP31ST2916,MP95AO8200
Rahul Gupta,Vikas Singh,9238474375,UID1453,MP81WM9271,MP67TT8443
Arjun Singh,Rahul Gupta,9721952690,UID1454,MP10FU4727,MP15UG3943
Rahul Mishra,Vikas Verma,9840798508,UID1455,MP91GA8277,MP68ZW8720
Sneha Tiwari,Sneha Verma,9336913284,UID1456,MP25BR4970,MP24EY7828
Karan Mishra,Vikas Chauhan,9092316954,UID1457,MP43FS1620,MP85LO8414
Amit Joshi,Pooja Gupta,9151047528,UID1458,MP11FV2782,MP18OX4912
Anjali Tiwari,Vikas Joshi,9104990134,UID1459,MP24AH6381,MP16AU9103
Rahul Singh,Sneha Gupta,9249054814,UID1460,MP68EV1469,MP96QH3971
Sneha Gupta,Pooja Joshi,9418322825,UID1461,MP82FI7255,MP66RN8712
Pooja Chauhan,Rohit Mishra,9012730280,UID1462,MP36LS7070,MP23EI5780
Neha Mishra,Sneha Singh,9558511920,UID1463,MP46YN6116,MP12MZ2802
Anjali Tiwari,Sneha Gupta,9442736364,UID1464,MP82RK7553,MP97CN9186
Neha Gupta,Vikas Sharma,9933027010,UID1465,MP26IW1383,MP51WT7180
Amit Singh,Amit Singh,9496482395,UID1466,MP61PW1291,MP38KJ8908
Arjun Gupta,Karan Chauhan,9189469814,UID1467,MP47FW3115,MP45QE6912
Amit Mishra,Amit Singh,9064002609,UID1468,MP84DF7694,MP67DZ3242
Neha Chauhan,Rohit Tiwari,9836019682,UID1469,MP88SE8295,MP10QB7406
Rohit Gupta,Neha Sharma,9476032607,UID1470,MP95YJ3487,MP59ZS7049
Amit Gupta,Anjali Mishra,9148054077,UID1471,MP17OC2291,MP17LV4075
Sneha Chauhan,Rohit Patel,9753122053,UID1472,MP30NJ4130,MP56DY3123
Vikas Sharma,Amit Sharma,9350399140,UID1473,MP83RX7672,MP17ZD6283
Amit Yadav,Rahul Singh,9833269487,UID1474,MP54CN4900,MP45FS5327
Rohit Patel,Karan Patel,9322396823,UID1475,MP63LQ5632,MP98MH7717
Rohit Joshi,Amit Patel,9848096601,UID1476,MP47ZN1200,MP44HN3529
Rohit Tiwari,Sneha Singh,9149434322,UID1477,MP63HO3844,MP88RS8395
Rahul Gupta,Rahul Gupta,9521509616,UID1478,MP80WE5784,MP38QL3070
Sneha Chauhan,Arjun Gupta,9803640503,UID1479,MP39DY2230,MP61CY7051
Neha Joshi,Vikas Yadav,9691084704,UID1480,MP38PJ7876,MP97ZW5692
Neha Yadav,Anjali Yadav,9526944719,UID1481,MP51JP7716,MP78OQ3478
Pooja Singh,Arjun Mishra,9701102751,UID1482,MP39ZH8677,MP91EY8516
Rahul Joshi,Amit Sharma,9509208505,UID1483,MP94MS2414,MP86RG5544
Sneha Mishra,Rohit Verma,9625775526,UID1484,MP58IV6653,MP77QK2574
Amit Chauhan,Rahul Patel,9974486406,UID1485,MP45PA6977,MP11CB1220
Vikas Chauhan,Pooja Tiwari,9032328313,UID1486,MP76QS2968,MP64TW7752
Vikas Yadav,Vikas Gupta,9566398876,UID1487,MP45IT7515,MP89BJ9788
Vikas Verma,Karan Patel,9554277296,UID1488,MP50VM3168,MP54QC8705
Sneha Singh,Rohit Joshi,9381292118,UID1489,MP18RK8895,MP31PP4022
Arjun Patel,Neha Patel,9478224520,UID1490,MP98PM1070,MP47NA7346
Rohit Patel,Rohit Yadav,9366169690,UID1491,MP49LD3355,MP32KN6629
Amit Yadav,Vikas Singh,9926577914,UID1492,MP58LT3325,MP20PE3788
Sneha Tiwari,Amit Verma,9754286363,UID1493,MP35JZ9550,MP30MR7305
Neha Patel,Rahul Joshi,9819688516,UID1494,MP68EO5472,MP37OI2245
Anjali Gupta,Pooja Mishra,9191711881,UID1495,MP80QX9948,MP20JR6375
Rohit Gupta,Vikas Singh,9143163885,UID1496,MP32WR3352,MP23FO7837
Anjali Mishra,Neha Mishra,9866094473,UID1497,MP67SK9305,MP25AZ8682
Sneha Sharma,Rohit Joshi,9925830893,UID1498,MP13KR9053,MP20QC9657
Vikas Verma,Sneha Gupta,9352934433,UID1499,MP83LC3479,MP62FM9578
Rahul Yadav,Neha Verma,9316591357,UID1500,MP66WH8584,MP65YZ7593
Neha Mishra,Amit Joshi,9391483401,UID1501,MP27EL7664,MP76PI1862
Rahul Mishra,Rahul Verma,9003646649,UID1502,MP56HA1717,MP79IT7813
Neha Patel,Rohit Chauhan,9841014684,UID1503,MP68CO5218,MP31HG5535
Sneha Singh,Rahul Tiwari,9391971636,UID1504,MP36CU7689,MP82HY3731
Arjun Verma,Rohit Yadav,9815588265,UID1505,MP79KA5238,MP61YA9044
Anjali Sharma,Rahul Verma,9999428185,UID1506,MP69MG1091,MP66MQ4042
Karan Gupta,Rohit Sharma,9149971648,UID1507,MP36IT5415,MP90ES1673
Anjali Tiwari,Rahul Gupta,9931692658,UID1508,MP90QA1486,MP40LD1768
Rohit Chauhan,Anjali Yadav,9972856006,UID1509,MP70RR9951,MP66HT4651
Pooja Joshi,Arjun Verma,9580815238,UID1510,MP26YJ8272,MP49ZD8211
Vikas Yadav,Vikas Sharma,9306507282,UID1511,MP41NF2779,MP53BW9548
Pooja Singh,Sneha Joshi,9220228709,UID1512,MP14PP5894,MP57WW4599
Sneha Singh,Vikas Patel,9368753113,UID1513,MP23EQ4406,MP15NF5165
Vikas Chauhan,Vikas Tiwari,9517113755,UID1514,MP55EW6178,MP54WQ4367
Arjun Chauhan,Rahul Sharma,9581136582,UID1515,MP94LU4245,MP81BV9639
Arjun Mishra,Neha Yadav,9224684467,UID1516,MP62LJ4011,MP32BK4887
Neha Joshi,Pooja Gupta,9162553967,UID1517,MP85KD2234,MP62NW7302
Amit Tiwari,Sneha Verma,9750450728,UID1518,MP56MN2935,MP96UI3632
Rohit Chauhan,Anjali Mishra,9717635207,UID1519,MP64LQ8836,MP81PL4465
Neha Yadav,Anjali Patel,9695621879,UID1520,MP58TM6372,MP72JG8150
Karan Verma,Anjali Joshi,9545528399,UID1521,MP46HV7573,MP43AS8522
Neha Joshi,Pooja Tiwari,9121891972,UID1522,MP71AV4912,MP54EA2168
Sneha Sharma,Arjun Patel,9977459672,UID1523,MP72FT4352,MP26YC9929
Sneha Mishra,Amit Singh,9618511986,UID1524,MP21QO7393,MP28MK3819
Pooja Yadav,Sneha Yadav,9019174665,UID1525,MP95LH1806,MP66ER8851
Amit Singh,Anjali Mishra,9419632843,UID1526,MP15BL7400,MP93SC6641
Rohit Patel,Pooja Tiwari,9174761244,UID1527,MP68ZD5541,MP16FO9578
Sneha Tiwari,Karan Chauhan,9084733961,UID1528,MP49AA5043,MP96RQ4021
Amit Yadav,Rohit Verma,9410501088,UID1529,MP62UN9020,MP20RX2689
Vikas Yadav,Pooja Tiwari,9979270532,UID1530,MP93WS7908,MP55KM3196
Anjali Singh,Pooja Sharma,9888812100,UID1531,MP27CA5197,MP97FF8682
Rahul Chauhan,Rohit Verma,9020832624,UID1532,MP76WE1119,MP73CW9334
Amit Yadav,Vikas Mishra,9143824056,UID1533,MP71UQ6104,MP37YQ9470
Vikas Verma,Sneha Patel,9850806811,UID1534,MP95CK7913,MP63TS6841
Amit Gupta,Amit Sharma,9034095948,UID1535,MP33DU2384,MP35LG3327
Sneha Tiwari,Rohit Yadav,9099394557,UID1536,MP80TF5847,MP33KC8387
Sneha Gupta,Karan Gupta,9307007505,UID1537,MP56EM4415,MP84ME2621
Sneha Verma,Sneha Yadav,9151939020,UID1538,MP32WV8437,MP88OA7157
Anjali Sharma,Vikas Gupta,9871287600,UID1539,MP22JB6159,MP80NT7812
Arjun Patel,Anjali Sharma,9697041774,UID1540,MP48ZH4792,MP31PO3044
Karan Tiwari,Karan Sharma,9171805091,UID1541,MP71IG5328,MP99EA1613
Pooja Patel,Anjali Joshi,9160420152,UID1542,MP81MG7443,MP26IL6955
Sneha Singh,Rahul Yadav,9922404926,UID1543,MP33HG8687,MP52FR7094
Anjali Mishra,Amit Singh,9251861884,UID1544,MP15XC1978,MP45VH6619
Rohit Joshi,Karan Singh,9822226108,UID1545,MP63RQ7764,MP87PT9756
Vikas Patel,Karan Mishra,9015146064,UID1546,MP37MS6061,MP35KP8720
Neha Tiwari,Sneha Patel,9179370221,UID1547,MP56FL2873,MP50HL9717
Karan Yadav,Anjali Tiwari,9284881964,UID1548,MP98WC2158,MP40XL6085
Arjun Chauhan,Karan Joshi,9159710057,UID1549,MP17EQ1422,MP55LB1870
Rahul Joshi,Sneha Chauhan,9711699958,UID1550,MP78CY6214,MP27JD4375
Karan Chauhan,Pooja Gupta,9488240995,UID1551,MP10UI4844,MP86TY7624
Amit Singh,Rohit Yadav,9847638657,UID1552,MP32JK7439,MP99KL2901
Anjali Joshi,Amit Mishra,9183064461,UID1553,MP90DN9867,MP32XM7523
Rahul Joshi,Vikas Joshi,9026985558,UID1554,MP92YS6513,MP11PU7736
Rahul Tiwari,Sneha Gupta,9398191713,UID1555,MP84KT9260,MP77HZ2694
Pooja Joshi,Rohit Chauhan,9998561997,UID1556,MP49JY9656,MP12EW2175
Vikas Sharma,Vikas Chauhan,9571059256,UID1557,MP28RY2267,MP13BP8048
Sneha Sharma,Rohit Gupta,9392666036,UID1558,MP18KB7748,MP71OW4588
Vikas Tiwari,Arjun Yadav,9769778965,UID1559,MP37NT9504,MP79BH4975
Amit Joshi,Vikas Yadav,9785104834,UID1560,MP24KX6313,MP75LW2903
Vikas Joshi,Sneha Joshi,9447933523,UID1561,MP64EB8979,MP21VG3230
Neha Mishra,Pooja Patel,9021289634,UID1562,MP78YM5095,MP30GB5128
Arjun Yadav,Rohit Chauhan,9838323565,UID1563,MP61JY7942,MP86HE1272
Rohit Sharma,Karan Joshi,9832184723,UID1564,MP82TM7852,MP86JV4597
Sneha Gupta,Neha Verma,9532053425,UID1565,MP76YL6509,MP79QZ8521
Arjun Chauhan,Anjali Patel,9114008178,UID1566,MP31SP4637,MP53GK7585
Neha Mishra,Rahul Sharma,9621537931,UID1567,MP13UM2111,MP47CR7469
Rohit Singh,Sneha Chauhan,9699743403,UID1568,MP88BN3093,MP13NU1085
Karan Gupta,Amit Sharma,9440943908,UID1569,MP66MU7327,MP35XE7959
Rahul Sharma,Neha Sharma,9960660208,UID1570,MP61CN1876,MP40TH4404
Rohit Singh,Amit Chauhan,9536472779,UID1571,MP43YL9433,MP51BW5077
Amit Singh,Neha Tiwari,9121008084,UID1572,MP71MJ6477,MP34BN5491
Karan Chauhan,Sneha Gupta,9700540915,UID1573,MP84ZN8750,MP34TM8527
Rohit Verma,Anjali Patel,9636624521,UID1574,MP71AG3142,MP77GC4297
Sneha Tiwari,Pooja Mishra,9033685719,UID1575,MP10XU7478,MP32SU4322
Neha Joshi,Pooja Patel,9495284266,UID1576,MP39SB5498,MP33VX3740
Rahul Joshi,Arjun Chauhan,9334255211,UID1577,MP40WA3398,MP70MU8265
Karan Chauhan,Neha Sharma,9941587056,UID1578,MP61HZ2558,MP38YP9551
Anjali Patel,Sneha Gupta,9647684707,UID1579,MP43XX8799,MP34AC7567
Sneha Gupta,Rahul Mishra,9639879862,UID1580,MP83RH2279,MP36LE3120
Neha Mishra,Rohit Patel,9956064189,UID1581,MP61WS3111,MP28QJ4792
Vikas Yadav,Arjun Singh,9218366294,UID1582,MP89PQ6748,MP73JP4584
Rohit Tiwari,Anjali Yadav,9041216385,UID1583,MP54AM3452,MP83YT3412
Sneha Mishra,Karan Singh,9422953570,UID1584,MP32MO9732,MP33GH8082
Anjali Yadav,Vikas Yadav,9929793250,UID1585,MP31ZG1502,MP81WW9376
Rohit Sharma,Rahul Mishra,9645667321,UID1586,MP41BC3152,MP87FS1986
Sneha Chauhan,Karan Yadav,9722403772,UID1587,MP47UN8128,MP68JM4084
Karan Chauhan,Pooja Verma,9709055565,UID1588,MP72KQ6915,MP42PJ2624
Rahul Joshi,Rahul Gupta,9686895885,UID1589,MP11RR5765,MP87UJ7003
Pooja Sharma,Amit Sharma,9270956905,UID1590,MP32TG8602,MP81BF8327
Sneha Singh,Vikas Tiwari,9449427593,UID1591,MP67MA4918,MP71DU4102
Arjun Singh,Arjun Tiwari,9339386872,UID1592,MP39UQ3287,MP67TC8928
Vikas Tiwari,Karan Chauhan,9779336391,UID1593,MP96HG6856,MP28IE5454
Vikas Singh,Rohit Verma,9350224275,UID1594,MP95DG4430,MP25YZ8163
Rahul Singh,Amit Gupta,9191832676,UID1595,MP36TX7591,MP43KU2292
Rahul Mishra,Rahul Yadav,9141304669,UID1596,MP69JU8332,MP98FW8795
Karan Gupta,Pooja Chauhan,9314826205,UID1597,MP50ZA2939,MP80CT3079
Amit Yadav,Karan Yadav,9022721606,UID1598,MP14SN5476,MP95AH6578
Neha Verma,Sneha Patel,9558346858,UID1599,MP77QB5861,MP21TW9414
Rahul Tiwari,Rahul Verma,9715730622,UID1600,MP71MS2027,MP32GY7629
Rahul Tiwari,Rohit Chauhan,9510715999,UID1601,MP48VP9810,MP14XQ6258
Amit Chauhan,Pooja Singh,9037897186,UID1602,MP97HC3296,MP47GW2887
Neha Joshi,Amit Joshi,9696341327,UID1603,MP57UU4360,MP10YV2211
Pooja Gupta,Amit Chauhan,9782223700,UID1604,MP98JR5446,MP14LF7920
Amit Gupta,Rahul Singh,9549878018,UID1605,MP82MT9555,MP34RD3167
Vikas Joshi,Amit Yadav,9583655791,UID1606,MP37MT6286,MP89WQ6413
Arjun Chauhan,Arjun Yadav,9512882944,UID1607,MP78DN7921,MP30WF2832
Rohit Mishra,Arjun Chauhan,9557775414,UID1608,MP61WP7673,MP42FU8565
Rohit Sharma,Neha Sharma,9590064010,UID1609,MP52PP5876,MP26NI5262
Rohit Sharma,Karan Sharma,9043611368,UID1610,MP78UC1571,MP24WY1919
Sneha Sharma,Neha Patel,9953552117,UID1611,MP21GV4150,MP41MO8429
Pooja Gupta,Neha Verma,9546581365,UID1612,MP40GX6982,MP49YC6015
Sneha Joshi,Sneha Verma,9000214207,UID1613,MP24KC5440,MP85QV4764
Rohit Yadav,Pooja Chauhan,9834351932,UID1614,MP76WU1069,MP69LL5384
Neha Patel,Rohit Verma,9370392692,UID1615,MP98YX2103,MP72FD7238
Pooja Mishra,Amit Chauhan,9989156689,UID1616,MP34ML3572,MP14QI8785
Anjali Sharma,Amit Tiwari,9804337269,UID1617,MP28MX5367,MP25JZ8453
Arjun Gupta,Neha Patel,9719324961,UID1618,MP48OI3733,MP86CV9729
Amit Singh,Rahul Singh,9346006540,UID1619,MP44UQ3767,MP90MO2167
Pooja Mishra,Rohit Joshi,9687967266,UID1620,MP38CN7538,MP64OI9810
Sneha Gupta,Neha Tiwari,9561455809,UID1621,MP23HJ2790,MP10NP4744
Neha Mishra,Arjun Sharma,9999543603,UID1622,MP54CP3222,MP65PJ2564
Amit Yadav,Sneha Mishra,9420496741,UID1623,MP13QO9704,MP11CZ4579
Amit Singh,Rahul Yadav,9240214182,UID1624,MP20PD1240,MP41YG1959
Sneha Sharma,Arjun Chauhan,9567372082,UID1625,MP48CH1739,MP74WP5929
Arjun Mishra,Amit Mishra,9995644996,UID1626,MP81DD8535,MP45PE3075
Sneha Yadav,Karan Patel,9179127750,UID1627,MP63SP3591,MP24CQ3906
Rahul Verma,Rohit Yadav,9399357750,UID1628,MP71NK1911,MP74XA7266
Rohit Joshi,Arjun Yadav,9358059769,UID1629,MP48IT1930,MP70UF2995
Pooja Chauhan,Anjali Mishra,9340423253,UID1630,MP27IF4764,MP30OV2354
Anjali Verma,Anjali Patel,9215191307,UID1631,MP14KC3363,MP10BA3808
Sneha Gupta,Pooja Gupta,9729986403,UID1632,MP98WS5317,MP12LH3079
Vikas Singh,Karan Patel,9562017288,UID1633,MP24ZJ8035,MP34EC9980
Vikas Joshi,Amit Mishra,9390261809,UID1634,MP25EH6667,MP85LJ9453
Arjun Singh,Arjun Sharma,9674206631,UID1635,MP10HL7071,MP72VR3821
Rahul Patel,Sneha Mishra,9096318280,UID1636,MP57LV7100,MP89QK2852
Vikas Singh,Neha Joshi,9770338968,UID1637,MP33GC1221,MP10MQ8068
Amit Singh,Anjali Verma,9908026340,UID1638,MP50KY4726,MP16RQ9342
Rahul Verma,Rahul Mishra,9998244585,UID1639,MP38AF6881,MP50ML6274
Pooja Singh,Karan Chauhan,9076417154,UID1640,MP45AA3334,MP87CT8893
Anjali Singh,Rohit Singh,9900984508,UID1641,MP84JV7597,MP92ZL4428
Arjun Tiwari,Pooja Verma,9810820579,UID1642,MP74TH6652,MP26YN9353
Vikas Sharma,Neha Yadav,9281385977,UID1643,MP36CC4902,MP13EE2618
Anjali Yadav,Rahul Verma,9306489337,UID1644,MP54FG4674,MP11NR9032
Rohit Yadav,Amit Sharma,9766441556,UID1645,MP10QH2443,MP76TA4211
Anjali Chauhan,Rohit Singh,9791256234,UID1646,MP41SD6411,MP20SJ3972
Amit Patel,Rohit Verma,9290236565,UID1647,MP13SS3685,MP56OW7995
Vikas Joshi,Anjali Chauhan,9941123297,UID1648,MP14ZG1056,MP89MY6454
Rahul Chauhan,Rahul Mishra,9152103926,UID1649,MP43BQ7502,MP86DT4784
Sneha Chauhan,Vikas Patel,9601328534,UID1650,MP92MP6285,MP43JM8315
Pooja Joshi,Sneha Chauhan,9509252969,UID1651,MP11DK7628,MP97PQ5386
Anjali Singh,Rohit Mishra,9322343963,UID1652,MP73IZ2951,MP24RX9620
Arjun Gupta,Rohit Singh,9064389957,UID1653,MP85EP8030,MP86SZ8416
Pooja Joshi,Anjali Mishra,9495966705,UID1654,MP46IO3728,MP59TW2547
Sneha Gupta,Arjun Yadav,9873603660,UID1655,MP59UF5086,MP27DV3184
Pooja Joshi,Karan Sharma,9917770780,UID1656,MP31EW6671,MP33PE9184
Pooja Joshi,Anjali Singh,9077052411,UID1657,MP34AI6510,MP36GU6244
Amit Patel,Pooja Tiwari,9638303684,UID1658,MP25BC1037,MP68WN2956
Anjali Chauhan,Anjali Gupta,9695883340,UID1659,MP43IF4037,MP14CV6184
Pooja Sharma,Arjun Verma,9137853610,UID1660,MP31ZP2301,MP90PM5388
Vikas Chauhan,Rahul Tiwari,9144869236,UID1661,MP88GE3335,MP13UV5431
Sneha Yadav,Arjun Gupta,9075607151,UID1662,MP20KC6391,MP90NJ4502
Rahul Joshi,Amit Patel,9245965687,UID1663,MP45SM7158,MP19OY4508
Neha Verma,Rohit Gupta,9736018212,UID1664,MP25FM6495,MP64OF4261
Amit Mishra,Anjali Patel,9774019269,UID1665,MP60AZ6763,MP64IM2613
Sneha Singh,Karan Joshi,9315459595,UID1666,MP97FZ1582,MP22QD9791
Neha Mishra,Rohit Verma,9980749335,UID1667,MP97GU3683,MP72JK9853
Sneha Joshi,Anjali Sharma,9715217896,UID1668,MP72CC3898,MP72MZ8906
Amit Sharma,Arjun Verma,9993357438,UID1669,MP19IL3646,MP43BG1239
Rahul Tiwari,Amit Verma,9274252516,UID1670,MP30OB1515,MP72UL8250
Pooja Joshi,Rohit Singh,9299797175,UID1671,MP99EM2942,MP95DS6807
Karan Yadav,Rahul Mishra,9098554205,UID1672,MP41UQ2622,MP23HB1685
Arjun Tiwari,Vikas Verma,9695607027,UID1673,MP95FP4228,MP73OP2850
Sneha Singh,Vikas Sharma,9220955262,UID1674,MP38AU5080,MP64DQ9335
Rahul Mishra,Karan Mishra,9000993500,UID1675,MP63LW6976,MP27NM8487
Vikas Chauhan,Rahul Joshi,9595059335,UID1676,MP65JQ5696,MP58JX1114
Rohit Gupta,Sneha Yadav,9992850798,UID1677,MP62YS8664,MP16JJ2660
Sneha Singh,Karan Patel,9581454840,UID1678,MP93PC1538,MP85RE7166
Sneha Singh,Rohit Verma,9227104918,UID1679,MP29ER2374,MP27FR4429
Neha Gupta,Amit Mishra,9508320654,UID1680,MP21XX6528,MP23CV1237
Rohit Chauhan,Anjali Singh,9526591735,UID1681,MP35OV4353,MP62YZ4187
Pooja Patel,Amit Patel,9503535669,UID1682,MP37NM6706,MP68AS5544
Karan Chauhan,Neha Gupta,9320851276,UID1683,MP85RO1862,MP15OZ6607
Rahul Chauhan,Vikas Sharma,9302508828,UID1684,MP52UT5755,MP80JU7267
Pooja Verma,Rahul Mishra,9387036322,UID1685,MP66OL2503,MP91TU6139
Rohit Yadav,Rohit Gupta,9704434801,UID1686,MP21KS9222,MP26AG3406
Rohit Mishra,Sneha Chauhan,9390142644,UID1687,MP68SZ4809,MP12GC8870
Vikas Sharma,Rahul Sharma,9407412887,UID1688,MP51FU7018,MP51CD5643
Pooja Yadav,Karan Yadav,9626428656,UID1689,MP50LZ1723,MP95AZ1993
Anjali Gupta,Rohit Yadav,9758504736,UID1690,MP63CG6903,MP10JT3095
Karan Sharma,Vikas Singh,9923259541,UID1691,MP49CL3372,MP43ZO4139
Amit Chauhan,Arjun Patel,9186812292,UID1692,MP21TR7066,MP69IM4512
Karan Mishra,Amit Mishra,9753286551,UID1693,MP41CO5348,MP38YU3061
Vikas Verma,Arjun Patel,9182189713,UID1694,MP85WS6693,MP72NI6078
Rohit Sharma,Anjali Verma,9386956646,UID1695,MP25HV7928,MP92XR2516
Rohit Singh,Karan Singh,9155876395,UID1696,MP55SR8690,MP26AC7371
Karan Mishra,Neha Sharma,9945570253,UID1697,MP56AG5434,MP56CO1382
Arjun Mishra,Amit Yadav,9034246652,UID1698,MP14BR8492,MP13US5229
Karan Patel,Arjun Yadav,9177960223,UID1699,MP11FU6863,MP27FH4594
Karan Mishra,Rohit Yadav,9504712851,UID1700,MP30WN4713,MP73SD8578
Rohit Singh,Neha Verma,9385149690,UID1701,MP48SF4641,MP96CP2454
Vikas Yadav,Sneha Tiwari,9580831274,UID1702,MP34BI9605,MP43XX9931
Karan Tiwari,Rahul Chauhan,9927370703,UID1703,MP19UA9696,MP94XW7508
Sneha Sharma,Amit Chauhan,9889975500,UID1704,MP59IO9321,MP60EX1305
Rahul Sharma,Sneha Gupta,9515590817,UID1705,MP80HD8890,MP52BP5042
Arjun Verma,Amit Patel,9333573664,UID1706,MP45GF8546,MP82OA4501
Neha Chauhan,Rahul Sharma,9892689683,UID1707,MP51XY4414,MP15JC4737
Anjali Sharma,Pooja Singh,9817297313,UID1708,MP17IP4955,MP28MX1969
Vikas Verma,Karan Yadav,9696797772,UID1709,MP46ZX2602,MP94JI1278
Rahul Chauhan,Rohit Tiwari,9006211588,UID1710,MP16XT5698,MP40LN3624
Amit Gupta,Amit Joshi,9427606364,UID1711,MP53FA9074,MP74PW4125
Arjun Yadav,Pooja Chauhan,9686908013,UID1712,MP93OB7212,MP32NP5517
Pooja Chauhan,Arjun Mishra,9669243745,UID1713,MP75OT4211,MP48KR7847
Sneha Verma,Sneha Yadav,9513710575,UID1714,MP65VK5500,MP58DS7808
Rohit Chauhan,Sneha Tiwari,9210714195,UID1715,MP38ZA7141,MP31CO9887
Vikas Verma,Anjali Sharma,9654245426,UID1716,MP29OZ8323,MP94IK3730
Rohit Chauhan,Arjun Patel,9354580405,UID1717,MP72FS7667,MP15IW3429
Rahul Yadav,Amit Singh,9811744859,UID1718,MP11EK8891,MP80PL6022
Vikas Gupta,Pooja Mishra,9799034162,UID1719,MP85HI4152,MP69WK6624
Vikas Tiwari,Karan Yadav,9383097706,UID1720,MP37TO2620,MP51JD2671
Pooja Gupta,Pooja Tiwari,9638670890,UID1721,MP68XA6342,MP51HV2021
Sneha Verma,Anjali Chauhan,9999807455,UID1722,MP32AZ6288,MP27LH7835
Neha Patel,Amit Verma,9160393090,UID1723,MP22SL2836,MP27XT1398
Anjali Joshi,Amit Tiwari,9007019181,UID1724,MP83EX8119,MP99BQ6246
Neha Tiwari,Karan Patel,9987836679,UID1725,MP90VJ8202,MP83XY7153
Anjali Singh,Neha Mishra,9893310087,UID1726,MP25RY9892,MP98WS1624
Rahul Mishra,Rohit Yadav,9203743372,UID1727,MP27TP4366,MP31AO7455
Rahul Joshi,Pooja Singh,9501329230,UID1728,MP61WW6521,MP88PK1591
Rohit Verma,Anjali Mishra,9372572646,UID1729,MP69PY7584,MP93WR4722
Rahul Tiwari,Vikas Patel,9577824026,UID1730,MP26UL5006,MP48EY5545
Vikas Mishra,Anjali Mishra,9773616201,UID1731,MP29EG8302,MP84EN9413
Karan Sharma,Vikas Tiwari,9602694436,UID1732,MP32WX9292,MP12OS8553
Arjun Joshi,Pooja Sharma,9188860016,UID1733,MP81CZ8681,MP15EQ4334
Arjun Sharma,Arjun Joshi,9835295124,UID1734,MP62FK5036,MP16SN1457
Neha Singh,Neha Singh,9960734257,UID1735,MP45KE6015,MP91DE6882
Rahul Verma,Neha Joshi,9113167853,UID1736,MP94WD7021,MP87QC1996
Karan Chauhan,Neha Singh,9835541702,UID1737,MP46YX2371,MP98NC4886
Arjun Singh,Amit Tiwari,9239843569,UID1738,MP63BI1365,MP61KZ4881
Rohit Patel,Rahul Singh,9802441531,UID1739,MP88GR5037,MP44ED1479
Sneha Patel,Rahul Gupta,9692854009,UID1740,MP74AO3386,MP85PE3898
Rahul Patel,Karan Yadav,9580344423,UID1741,MP33PQ3489,MP91HC6734
Rahul Joshi,Arjun Mishra,9860424450,UID1742,MP98TR2467,MP68WF2494
Sneha Chauhan,Rohit Patel,9617843108,UID1743,MP64QZ1286,MP27XQ5264
Pooja Sharma,Neha Gupta,9845242139,UID1744,MP54MG9965,MP80DE2829
Anjali Singh,Rohit Singh,9655016328,UID1745,MP92GI9616,MP14HW4434
Amit Verma,Neha Joshi,9607462230,UID1746,MP64NH6976,MP70NF7777
Vikas Yadav,Amit Gupta,9415440000,UID1747,MP87LD6819,MP80CR4314
Pooja Gupta,Rohit Sharma,9895700629,UID1748,MP43LS1275,MP26BC6347
Pooja Verma,Karan Yadav,9401511195,UID1749,MP29ZL6862,MP81WA8349
Pooja Mishra,Neha Gupta,9134830908,UID1750,MP40SW4533,MP24UA2571
Anjali Chauhan,Sneha Verma,9201096652,UID1751,MP68TT2710,MP28BM7414
Rahul Singh,Pooja Singh,9900020775,UID1752,MP40VZ7323,MP49XY1029
Karan Patel,Rahul Mishra,9807783240,UID1753,MP17IZ8574,MP83LA9415
Amit Patel,Sneha Tiwari,9621095341,UID1754,MP51LM7917,MP47WQ1923
Rohit Patel,Anjali Joshi,9407558398,UID1755,MP32YI5739,MP99WH6639
Anjali Patel,Rahul Sharma,9245826890,UID1756,MP36DP9964,MP32RJ2775
Arjun Mishra,Anjali Gupta,9902283200,UID1757,MP32KD7990,MP85QE3923
Rahul Verma,Pooja Verma,9410402098,UID1758,MP48CG9905,MP29NG4382
Anjali Joshi,Sneha Yadav,9096827101,UID1759,MP91KI2369,MP38ZU9392
Rohit Mishra,Vikas Joshi,9092252650,UID1760,MP95AO9440,MP54RS4077
Rahul Yadav,Sneha Patel,9377542558,UID1761,MP79BZ9805,MP44HD9831
Sneha Patel,Vikas Mishra,9716622846,UID1762,MP12IE5753,MP54QM9799
Arjun Verma,Arjun Singh,9660301873,UID1763,MP36TG4606,MP29RU7913
Amit Patel,Vikas Mishra,9567928661,UID1764,MP45FB2065,MP88ED2720
Sneha Verma,Karan Sharma,9624341067,UID1765,MP52ZQ3213,MP93IY7387
Arjun Singh,Arjun Mishra,9250742029,UID1766,MP32SB5576,MP54RC8842
Karan Sharma,Amit Tiwari,9667919373,UID1767,MP70CJ3243,MP32OJ8052
Rohit Joshi,Pooja Patel,9422959356,UID1768,MP57KL9938,MP36CS3150
Karan Patel,Neha Tiwari,9759308425,UID1769,MP58EC5423,MP36VC6737
Amit Singh,Pooja Gupta,9134268953,UID1770,MP62KR7720,MP70HO5330
Amit Gupta,Rohit Yadav,9430210718,UID1771,MP35GM5046,MP21OJ8244
Amit Verma,Vikas Sharma,9304654652,UID1772,MP96LB1109,MP58IV2911
Rohit Mishra,Karan Singh,9075747101,UID1773,MP66KC8160,MP68ND7335
Karan Tiwari,Rohit Gupta,9828139184,UID1774,MP63AU6046,MP57ZB6374
Rohit Joshi,Pooja Sharma,9474012253,UID1775,MP47WE6667,MP21MQ3755
Rahul Sharma,Pooja Yadav,9804677620,UID1776,MP15VZ9340,MP67BI7130
Anjali Chauhan,Rohit Sharma,9353608876,UID1777,MP74NX6906,MP19YL2663
Arjun Tiwari,Arjun Yadav,9867851684,UID1778,MP61AP1851,MP95WY3667
Karan Joshi,Sneha Tiwari,9230500810,UID1779,MP51FI8349,MP45NQ9845
Vikas Sharma,Rohit Yadav,9281868454,UID1780,MP33YC2691,MP18LV1030
Arjun Gupta,Rahul Chauhan,9115176331,UID1781,MP61VW1233,MP17MW1937
Sneha Chauhan,Sneha Yadav,9774206853,UID1782,MP78OP2392,MP60QI6562
Karan Joshi,Rohit Gupta,9843252808,UID1783,MP61BW7040,MP35BG9380
Karan Yadav,Rohit Gupta,9812792857,UID1784,MP32TS9320,MP60MX9753
Pooja Verma,Vikas Joshi,9033548116,UID1785,MP26BB2182,MP33FH9539
Karan Gupta,Anjali Tiwari,9530247817,UID1786,MP99QZ8829,MP62VM1065
Rohit Mishra,Amit Gupta,9383473002,UID1787,MP82BN3360,MP86EE3709
Rahul Singh,Arjun Sharma,9874156220,UID1788,MP77KS2951,MP14NL2604
Pooja Singh,Rohit Yadav,9534028830,UID1789,MP26LK3832,MP33FW1682
Vikas Joshi,Neha Verma,9268808488,UID1790,MP62XN7327,MP21OB9608
Sneha Tiwari,Rohit Joshi,9659319885,UID1791,MP91GF7525,MP56PA7109
Amit Tiwari,Vikas Tiwari,9467606533,UID1792,MP57NM7299,MP76II6385
Arjun Gupta,Karan Gupta,9848668158,UID1793,MP54XF7247,MP89LF4479
Sneha Singh,Sneha Chauhan,9966342891,UID1794,MP19YE2224,MP36XP8947
Pooja Gupta,Sneha Singh,9574973386,UID1795,MP80WC2298,MP82KT5063
Rohit Patel,Vikas Patel,9975536498,UID1796,MP99UI1525,MP77RR6740
Amit Gupta,Neha Patel,9313823776,UID1797,MP96NZ7646,MP39ID2073
Anjali Singh,Amit Mishra,9762112629,UID1798,MP82LZ5447,MP88PF5648
Vikas Yadav,Pooja Tiwari,9145913761,UID1799,MP97MM4329,MP14GT6417
Pooja Tiwari,Arjun Mishra,9085386490,UID1800,MP98JO5628,MP85ZX1746
Karan Singh,Sneha Chauhan,9146909515,UID1801,MP30AX4270,MP10MG2041
Anjali Tiwari,Arjun Verma,9288720212,UID1802,MP57TO2221,MP66PN3363
Arjun Joshi,Sneha Gupta,9283825986,UID1803,MP67ZX8550,MP63EE8215
Arjun Chauhan,Amit Gupta,9874325043,UID1804,MP13LI6050,MP77KP8595
Neha Yadav,Vikas Sharma,9368988253,UID1805,MP54MZ3626,MP93CD5559
Karan Singh,Anjali Singh,9369299578,UID1806,MP96HZ2271,MP75NA9449
Neha Gupta,Rahul Yadav,9975572909,UID1807,MP65WX1193,MP88FJ1361
Pooja Singh,Karan Chauhan,9621238458,UID1808,MP96IF8486,MP50OX7745
Rohit Chauhan,Sneha Joshi,9919413958,UID1809,MP31QN6154,MP11OD4167
Neha Joshi,Rahul Singh,9009927068,UID1810,MP83GN1293,MP16BQ3225
Pooja Joshi,Karan Singh,9366944654,UID1811,MP71OX9294,MP11QE5944
Anjali Singh,Rohit Gupta,9347122493,UID1812,MP56OJ5236,MP80ZE6334
Arjun Joshi,Anjali Chauhan,9284657721,UID1813,MP10EO5721,MP60HV7616
Karan Gupta,Neha Verma,9707462304,UID1814,MP60CO9255,MP24NJ2395
Vikas Tiwari,Vikas Joshi,9471688533,UID1815,MP75TN7562,MP88NL2386
Karan Singh,Anjali Sharma,9813060238,UID1816,MP20CB3019,MP94YA7741
Rahul Verma,Pooja Joshi,9778181047,UID1817,MP90UK4947,MP88CE9461
Pooja Patel,Vikas Gupta,9109977983,UID1818,MP95LM5188,MP73VJ2917
Pooja Patel,Vikas Mishra,9269068758,UID1819,MP52PS7723,MP34CC2176
Karan Joshi,Arjun Yadav,9850414504,UID1820,MP55KM2778,MP22VB7180
Pooja Patel,Anjali Gupta,9558156293,UID1821,MP83UQ5284,MP18XE5137
Arjun Joshi,Amit Tiwari,9238772564,UID1822,MP24VK2939,MP72RP5295
Rohit Mishra,Vikas Tiwari,9860969294,UID1823,MP17AK9670,MP63MO4297
Vikas Gupta,Sneha Sharma,9259543996,UID1824,MP77ZB3087,MP62VQ5801
Vikas Joshi,Pooja Singh,9438858743,UID1825,MP80RQ2424,MP54JE2892
Rohit Verma,Rohit Chauhan,9059040881,UID1826,MP50CP5561,MP89FY5063
Rahul Patel,Vikas Sharma,9503088304,UID1827,MP50DH4455,MP17QL5739
Arjun Patel,Rahul Tiwari,9729608437,UID1828,MP45HN7311,MP78IW3868
Neha Yadav,Rohit Sharma,9719369130,UID1829,MP29YW3249,MP72IW4473
Pooja Patel,Rohit Mishra,9883316836,UID1830,MP83OA3017,MP27FC9158
Karan Chauhan,Amit Chauhan,9991988055,UID1831,MP32UV3251,MP14HM1639
Amit Verma,Neha Gupta,9306773921,UID1832,MP11BF4362,MP21IT1670
Vikas Gupta,Pooja Tiwari,9792088295,UID1833,MP15KN2256,MP70OT7264
Sneha Sharma,Pooja Patel,9835110821,UID1834,MP35ZA8938,MP55CR5294
Pooja Tiwari,Neha Singh,9309438483,UID1835,MP93JT1429,MP75HO3521
Rahul Patel,Neha Joshi,9232219433,UID1836,MP60ZS6072,MP17VY1981
Rohit Singh,Arjun Chauhan,9255186513,UID1837,MP66VX3524,MP54TX6565
Neha Patel,Karan Sharma,9826649346,UID1838,MP41VX6498,MP32DL2074
Arjun Tiwari,Anjali Sharma,9555355215,UID1839,MP84GG7195,MP25DG5838
Arjun Verma,Anjali Patel,9469578332,UID1840,MP38EM8433,MP48VN6348
Vikas Gupta,Pooja Gupta,9670072550,UID1841,MP98KE2667,MP45HF1445
Neha Singh,Karan Tiwari,9083668889,UID1842,MP22KN5038,MP16YA2111
Vikas Yadav,Sneha Chauhan,9343658954,UID1843,MP70FB4207,MP24DR1920
Rahul Tiwari,Sneha Singh,9060796599,UID1844,MP55BH9720,MP23PQ7581
Vikas Singh,Rohit Singh,9792877125,UID1845,MP74FN1218,MP21WK4790
Amit Mishra,Vikas Singh,9330033777,UID1846,MP82ZQ6606,MP45KE5384
Anjali Chauhan,Anjali Chauhan,9372774530,UID1847,MP86FV2088,MP65LA8716
Vikas Singh,Amit Sharma,9847587359,UID1848,MP68RN6140,MP82VR7921
Amit Patel,Rahul Gupta,9907992878,UID1849,MP54XP2592,MP52XO7887
Karan Joshi,Rahul Chauhan,9449189544,UID1850,MP77VL6251,MP55KM3767
Karan Tiwari,Pooja Tiwari,9503245341,UID1851,MP78XV2467,MP53YE6761
Vikas Mishra,Rahul Gupta,9254956909,UID1852,MP70VH1752,MP12VY8386
Anjali Mishra,Anjali Yadav,9848174336,UID1853,MP93TX4400,MP57WJ5096
Rohit Sharma,Vikas Tiwari,9734878111,UID1854,MP23EQ7668,MP40HC9309
Vikas Yadav,Rahul Yadav,9248140957,UID1855,MP88JA7970,MP38NP8600
Anjali Gupta,Rohit Joshi,9418485563,UID1856,MP86LP1857,MP78AJ5458
Pooja Mishra,Anjali Verma,9219116924,UID1857,MP86KN4257,MP82KI7757
Amit Chauhan,Amit Patel,9226810629,UID1858,MP21NV6037,MP64OZ3102
Anjali Gupta,Karan Tiwari,9141323833,UID1859,MP24HI7006,MP71YT6882
Vikas Singh,Vikas Tiwari,9976594245,UID1860,MP91MT5049,MP77CC6225
Rohit Patel,Anjali Patel,9429029184,UID1861,MP92EV9736,MP64OG7253
Karan Singh,Sneha Tiwari,9810212354,UID1862,MP13KK9747,MP71CQ7161
Neha Yadav,Pooja Gupta,9227630869,UID1863,MP64RT6745,MP90SI4640
Sneha Chauhan,Arjun Yadav,9951144753,UID1864,MP97ZQ3265,MP58OM9113
Pooja Verma,Rahul Gupta,9590023096,UID1865,MP13NI7760,MP69CR6533
Neha Patel,Pooja Gupta,9593783549,UID1866,MP94GQ5327,MP26LG5499
Rahul Gupta,Pooja Yadav,9306855373,UID1867,MP84YR5507,MP11HR4594
Karan Singh,Rahul Patel,9305647942,UID1868,MP10NK8114,MP64HR1753
Amit Chauhan,Karan Mishra,9498875646,UID1869,MP41ZH6095,MP88BI2228
Neha Patel,Pooja Sharma,9107121706,UID1870,MP61FV8267,MP82CB8075
Rahul Chauhan,Vikas Singh,9210212016,UID1871,MP71ZP3369,MP89DI2651
Karan Tiwari,Rahul Yadav,9396168617,UID1872,MP11RE1722,MP61DH9615
Arjun Singh,Arjun Patel,9025567593,UID1873,MP75IE7481,MP58FJ1380
Vikas Tiwari,Anjali Verma,9962225476,UID1874,MP38RU2750,MP67HT7810
Rahul Yadav,Karan Sharma,9691202495,UID1875,MP62WT9351,MP31TA6144
Neha Verma,Rohit Joshi,9290305106,UID1876,MP68XY9682,MP85VM6741
Amit Sharma,Rahul Gupta,9864517466,UID1877,MP24YW9171,MP59IW9791
Amit Singh,Vikas Chauhan,9369596339,UID1878,MP23PZ6519,MP49GU1110
Karan Gupta,Neha Mishra,9277738743,UID1879,MP79YK7133,MP56WB6843
Neha Mishra,Rahul Sharma,9248636585,UID1880,MP21QP7453,MP37HR3631
Sneha Joshi,Rohit Patel,9151311326,UID1881,MP74RU1981,MP16QJ3726
Pooja Mishra,Anjali Yadav,9133901081,UID1882,MP94SE8057,MP40NH3487
Rohit Mishra,Anjali Patel,9562609314,UID1883,MP27OM5240,MP21XJ9764
Karan Yadav,Vikas Verma,9390015624,UID1884,MP18PO2860,MP80ZY2967
Arjun Yadav,Pooja Tiwari,9357853635,UID1885,MP64NI5011,MP64WJ8362
Karan Chauhan,Karan Tiwari,9047184703,UID1886,MP40BK5002,MP63YX5137
Sneha Gupta,Sneha Gupta,9398202664,UID1887,MP11XO5545,MP33VP3853
Pooja Patel,Amit Yadav,9300485739,UID1888,MP50DE7089,MP95TI6590
Pooja Yadav,Rahul Yadav,9467373955,UID1889,MP19HG7616,MP72KS9082
Arjun Joshi,Arjun Gupta,9344744880,UID1890,MP13SP2180,MP78EU6236
Neha Joshi,Sneha Gupta,9752018173,UID1891,MP20QS8191,MP25QE1338
Rohit Singh,Anjali Tiwari,9863528479,UID1892,MP65QX7454,MP72JQ1001
Rahul Mishra,Rahul Chauhan,9455883472,UID1893,MP13EI8246,MP70HP8872
Rahul Joshi,Arjun Singh,9383012571,UID1894,MP84VA5361,MP51ZD6183
Arjun Chauhan,Rohit Verma,9783951399,UID1895,MP90AT9152,MP14YX3722
Anjali Sharma,Karan Chauhan,9185696626,UID1896,MP22BQ5742,MP46BO1869
Anjali Verma,Neha Patel,9386330629,UID1897,MP79YY2685,MP37MK6833
Neha Verma,Vikas Yadav,9959677244,UID1898,MP28OL8225,MP71AY8364
Anjali Singh,Neha Mishra,9902517887,UID1899,MP52MI5442,MP75EB9765
Sneha Gupta,Rahul Chauhan,9497413531,UID1900,MP46BM8263,MP91FA4421
Karan Yadav,Neha Singh,9354617829,UID1901,MP12YX7388,MP32CJ3796
Rahul Joshi,Rohit Yadav,9714783716,UID1902,MP57MW2185,MP80GK5990
Amit Gupta,Pooja Sharma,9995131999,UID1903,MP18XM8741,MP49ON2003
Arjun Singh,Arjun Gupta,9920350759,UID1904,MP74AK5985,MP72JF3767
Vikas Gupta,Sneha Yadav,9771152623,UID1905,MP63GQ3086,MP44YX3922
Karan Chauhan,Vikas Sharma,9935171381,UID1906,MP26SL8380,MP46BB3233
Karan Patel,Rohit Sharma,9496183735,UID1907,MP90CL6287,MP35LX8033
Anjali Joshi,Karan Gupta,9683031148,UID1908,MP91EE7708,MP22OK4596
Karan Sharma,Anjali Patel,9328852404,UID1909,MP73RO9152,MP88RZ5150
Pooja Sharma,Sneha Chauhan,9287859741,UID1910,MP58VU3639,MP12ZO4119
Rohit Chauhan,Neha Mishra,9194129230,UID1911,MP18LX7087,MP85UX4139
Rohit Joshi,Rahul Gupta,9977570412,UID1912,MP22IY3765,MP39HB8602
Pooja Verma,Rahul Joshi,9218613565,UID1913,MP45EG5679,MP36VJ3939
Rahul Patel,Arjun Sharma,9530964940,UID1914,MP77IK8139,MP87GK1835
Pooja Mishra,Vikas Mishra,9493123053,UID1915,MP73EM3438,MP21IO8231
Vikas Tiwari,Rohit Gupta,9337833250,UID1916,MP15JJ9093,MP39QL1628
Pooja Tiwari,Rahul Gupta,9600002193,UID1917,MP73UE4067,MP77OW4636
Arjun Joshi,Amit Tiwari,9831248371,UID1918,MP70RB5985,MP16LU3035
Karan Patel,Pooja Singh,9709900760,UID1919,MP93KY7529,MP45PZ2722
Sneha Chauhan,Neha Tiwari,9954028710,UID1920,MP12ES3055,MP38XG9263
Vikas Singh,Arjun Joshi,9222119366,UID1921,MP57FR6710,MP90KO7790
Rohit Verma,Neha Singh,9661606799,UID1922,MP10HF8187,MP76XU9207
Neha Yadav,Rahul Verma,9021785116,UID1923,MP71QY8624,MP80EY9611
Anjali Sharma,Pooja Gupta,9462326653,UID1924,MP10LT7145,MP99AA1094
Anjali Gupta,Neha Singh,9843301952,UID1925,MP54WY6978,MP31WF3226
Vikas Yadav,Arjun Verma,9918735737,UID1926,MP30HS2973,MP65HV1988
Karan Chauhan,Anjali Mishra,9741325130,UID1927,MP77FU1390,MP11TW9641
Karan Patel,Anjali Yadav,9839677884,UID1928,MP14LZ7008,MP24HU6030
Anjali Sharma,Rohit Tiwari,9410213466,UID1929,MP22TU8914,MP13TO4473
Sneha Yadav,Arjun Yadav,9941658867,UID1930,MP45SI9740,MP91HP6917
Vikas Patel,Vikas Verma,9902532457,UID1931,MP39CX6173,MP24SC1699
Anjali Mishra,Sneha Yadav,9451112185,UID1932,MP98CQ2999,MP13VU8966
Karan Sharma,Rohit Tiwari,9381423798,UID1933,MP46FI6749,MP91YD6256
Neha Joshi,Vikas Mishra,9698054435,UID1934,MP91ZP4246,MP88ZX8696
Vikas Tiwari,Rahul Singh,9969987385,UID1935,MP50DM4661,MP37YW8475
Neha Mishra,Pooja Mishra,9524374653,UID1936,MP61FN9695,MP99PI6629
Pooja Gupta,Neha Joshi,9144012294,UID1937,MP74HY8763,MP53YO6534
Amit Joshi,Rohit Singh,9601837935,UID1938,MP78WS9272,MP14XG8850
Neha Gupta,Rohit Sharma,9211315304,UID1939,MP61VD8684,MP17CX7258
Anjali Singh,Amit Yadav,9201610603,UID1940,MP86KN2127,MP51IS7446
Karan Sharma,Pooja Tiwari,9090026323,UID1941,MP32BK7345,MP41XM3849
Amit Verma,Vikas Chauhan,9662769977,UID1942,MP61BV1426,MP52QM3154
Vikas Tiwari,Anjali Yadav,9295593432,UID1943,MP11ZI2312,MP56KL4758
Karan Yadav,Pooja Yadav,9104022684,UID1944,MP50CM9987,MP69WH8430
Neha Singh,Rahul Mishra,9343743212,UID1945,MP47OJ7507,MP84RA3732
Amit Verma,Anjali Tiwari,9420020287,UID1946,MP88MO6672,MP54RF5231
Karan Tiwari,Arjun Singh,9574589418,UID1947,MP66TM8687,MP72RJ2877
Sneha Yadav,Anjali Mishra,9475756741,UID1948,MP74NR8484,MP68DS4697
Sneha Verma,Vikas Verma,9487471640,UID1949,MP80YO5729,MP32AY6766
Anjali Joshi,Karan Patel,9100569987,UID1950,MP98FT5499,MP77HW4534
Karan Yadav,Anjali Patel,9995904173,UID1951,MP16EX8892,MP49MZ1847
Rahul Joshi,Pooja Mishra,9880489397,UID1952,MP79SF8326,MP67IN3407
Neha Chauhan,Rohit Sharma,9789451388,UID1953,MP77SY3719,MP28WB9072
Arjun Sharma,Pooja Verma,9177577528,UID1954,MP11QR6061,MP98KB7674
Pooja Singh,Karan Joshi,9637879942,UID1955,MP54AY9981,MP97MW5256
Rohit Patel,Anjali Mishra,9714255987,UID1956,MP48DW9599,MP66JR2247
Neha Sharma,Pooja Mishra,9335241427,UID1957,MP62QA3042,MP69TJ1434
Arjun Chauhan,Karan Singh,9567663099,UID1958,MP58WG6627,MP45YP7565
Amit Patel,Karan Chauhan,9476955885,UID1959,MP56FW8810,MP26LV4998
Neha Verma,Vikas Sharma,9105720247,UID1960,MP47QE9737,MP46VA9591
Amit Gupta,Amit Gupta,9215878498,UID1961,MP15XE6116,MP79ZF1445
Sneha Chauhan,Amit Yadav,9530384279,UID1962,MP38CU7033,MP18KP7676
Rohit Mishra,Rohit Yadav,9415814826,UID1963,MP21JW4514,MP90RC9567
Rohit Mishra,Arjun Verma,9930182641,UID1964,MP27BX1928,MP93OM8263
Pooja Patel,Rahul Verma,9566862959,UID1965,MP43HE8083,MP51AJ2749
Rohit Joshi,Sneha Patel,9867866619,UID1966,MP79CI2832,MP50YZ5345
Rohit Joshi,Amit Sharma,9246579384,UID1967,MP54BR4171,MP55II7662
Pooja Sharma,Pooja Chauhan,9813305714,UID1968,MP13OG7738,MP34CK8832
Neha Yadav,Anjali Joshi,9490764400,UID1969,MP68YO9187,MP58HB7105
Arjun Mishra,Pooja Singh,9870989115,UID1970,MP70WD2533,MP99TF3600
Sneha Tiwari,Karan Sharma,9677684282,UID1971,MP79CR5071,MP28ES8523
Arjun Patel,Karan Joshi,9481127512,UID1972,MP97IG2794,MP28VP9054
Arjun Singh,Neha Tiwari,9388731706,UID1973,MP90FH9035,MP86RV3281
Pooja Tiwari,Sneha Chauhan,9113432083,UID1974,MP42TI4014,MP64PD6706
Rohit Gupta,Arjun Joshi,9547360615,UID1975,MP75CZ6676,MP46TI2844
Neha Sharma,Vikas Joshi,9200744305,UID1976,MP20NO5305,MP83YV7134
Rahul Joshi,Rohit Patel,9825169159,UID1977,MP46ZY9236,MP10EP9184
Karan Sharma,Anjali Sharma,9765551011,UID1978,MP54FP5746,MP90SH2126
Pooja Patel,Vikas Yadav,9763150701,UID1979,MP90JR9161,MP27AH3646
Arjun Yadav,Vikas Sharma,9004495044,UID1980,MP19SK8844,MP59PX7404
Sneha Singh,Arjun Singh,9601908667,UID1981,MP57QT1111,MP14AV2966
Rahul Mishra,Sneha Yadav,9963392166,UID1982,MP81UC9428,MP19SG1338
Sneha Tiwari,Karan Joshi,9089017111,UID1983,MP44PR1826,MP43AX4705
Amit Chauhan,Amit Yadav,9608138761,UID1984,MP67ZC5121,MP75QJ6644
Arjun Gupta,Rahul Tiwari,9938164107,UID1985,MP22NL6998,MP64FS8270
Sneha Sharma,Amit Patel,9984131519,UID1986,MP42CU3320,MP81WK4587
Amit Tiwari,Arjun Sharma,9803978687,UID1987,MP76TG7313,MP52VT7179
Arjun Tiwari,Amit Sharma,9933243628,UID1988,MP13NB8522,MP68AR1346
Rahul Verma,Amit Chauhan,9114009913,UID1989,MP95BT5182,MP17UO1658
Rohit Chauhan,Pooja Mishra,9375247903,UID1990,MP38SV3572,MP36HR1132
Amit Yadav,Rohit Sharma,9552270067,UID1991,MP81ZM3750,MP55YU5509
Amit Singh,Amit Tiwari,9877074261,UID1992,MP84GG6541,MP13NK3541
Vikas Sharma,Arjun Verma,9382686534,UID1993,MP23IX4826,MP81KJ8464
Pooja Yadav,Sneha Mishra,9638608594,UID1994,MP92XM8837,MP10RM2066
Amit Mishra,Rahul Tiwari,9495436848,UID1995,MP26SX8200,MP69YG9733
Amit Patel,Arjun Tiwari,9803822145,UID1996,MP57OR1605,MP18BY2623
Anjali Joshi,Pooja Gupta,9309401604,UID1997,MP97BO7138,MP86ZJ9539
Anjali Yadav,Karan Tiwari,9163016534,UID1998,MP20WG7043,MP85SQ2277
Rohit Singh,Anjali Tiwari,9164478105,UID1999,MP55CN6279,MP53MM8765
Rohit Singh,Pooja Tiwari,9054290166,UID2000,MP66CQ8427,MP76HG4559
Amit Joshi,Karan Yadav,9471114135,UID2001,MP69VR1851,MP99FD2041
Karan Chauhan,Neha Gupta,9241902249,UID2002,MP16SZ9791,MP45HL7379
Rahul Gupta,Arjun Gupta,9847543614,UID2003,MP63XM8521,MP10GP3263
Amit Singh,Neha Mishra,9547983668,UID2004,MP46PX3915,MP27PR3102
Arjun Joshi,Pooja Singh,9423887528,UID2005,MP17GB4599,MP31YA4979
Amit Sharma,Pooja Chauhan,9508680561,UID2006,MP73PS5878,MP58FW6184
Arjun Patel,Anjali Tiwari,9122829911,UID2007,MP21QB9905,MP97MU7166
Vikas Singh,Neha Singh,9925553812,UID2008,MP64ZJ4281,MP25LD6345
Sneha Sharma,Amit Singh,9791445375,UID2009,MP10JV4855,MP74BX2880
Karan Joshi,Rohit Singh,9576403585,UID2010,MP60IW4951,MP99WD9474
Arjun Mishra,Rohit Singh,9974469086,UID2011,MP62NB7206,MP81US5217
Vikas Sharma,Sneha Tiwari,9588431157,UID2012,MP35KN3092,MP70NF3036
Pooja Sharma,Amit Patel,9318770360,UID2013,MP56ZH4687,MP21BJ9645
Pooja Chauhan,Vikas Mishra,9316308532,UID2014,MP88NR1244,MP98AE6768
Arjun Chauhan,Pooja Mishra,9671417150,UID2015,MP63JY6155,MP50HI8932
Rohit Joshi,Anjali Mishra,9928754251,UID2016,MP41VU4825,MP24IV3228
Rohit Mishra,Amit Verma,9897070575,UID2017,MP34JD9217,MP64NG9366
Rahul Singh,Rahul Joshi,9211146908,UID2018,MP85ME8875,MP64GT9346
Neha Mishra,Rahul Gupta,9029958330,UID2019,MP89MT6514,MP21MU5431
Rahul Mishra,Neha Tiwari,9029686007,UID2020,MP52UH8474,MP94NF9797
Vikas Joshi,Neha Sharma,9068201578,UID2021,MP15UJ8710,MP59TZ6817
Sneha Chauhan,Vikas Tiwari,9909492842,UID2022,MP65VR4503,MP11VP1283
Anjali Singh,Neha Tiwari,9340454907,UID2023,MP52NR1737,MP24HN1553
Rahul Yadav,Amit Patel,9221339893,UID2024,MP25SZ4072,MP58WE5639
Vikas Verma,Amit Singh,9798194192,UID2025,MP38KD4829,MP13ZE6298
Amit Chauhan,Amit Chauhan,9845543740,UID2026,MP13WH5727,MP79CW4673
Neha Gupta,Rahul Verma,9685345796,UID2027,MP15HX7597,MP71CT6001
Arjun Singh,Neha Tiwari,9012241849,UID2028,MP90IA9897,MP83VK8382
Sneha Tiwari,Rahul Yadav,9390855860,UID2029,MP14DA6492,MP61LS7859
Amit Tiwari,Amit Gupta,9613350694,UID2030,MP65FY9794,MP31OX8379
Neha Chauhan,Neha Sharma,9743172231,UID2031,MP23TC6169,MP42ET7035
Karan Patel,Arjun Yadav,9027336196,UID2032,MP23LM3830,MP23SS5054
Anjali Tiwari,Pooja Sharma,9513906142,UID2033,MP44CX2533,MP96PE6818
Rahul Tiwari,Anjali Patel,9321820061,UID2034,MP34XH8119,MP62XF5576
Rohit Tiwari,Anjali Gupta,9567271286,UID2035,MP43UU3942,MP98YH5123
Pooja Tiwari,Sneha Tiwari,9959533397,UID2036,MP62NG7842,MP47PM9472
Amit Patel,Vikas Chauhan,9129039069,UID2037,MP11YX8431,MP40UJ6784
Arjun Yadav,Sneha Tiwari,9109739648,UID2038,MP66JN8741,MP33LQ5046
Pooja Verma,Arjun Singh,9833212611,UID2039,MP13SJ8161,MP82PX8460
Amit Sharma,Arjun Joshi,9407612318,UID2040,MP31QX9722,MP33WD6569
Neha Mishra,Rohit Mishra,9300751910,UID2041,MP51DM5778,MP32RI8577
Neha Chauhan,Rahul Mishra,9942843925,UID2042,MP87NU2653,MP96DX5697
Anjali Sharma,Arjun Sharma,9937471854,UID2043,MP96KB1358,MP75AX8638
Pooja Singh,Rahul Chauhan,9428824582,UID2044,MP96TG3796,MP23YA2463
Vikas Verma,Vikas Chauhan,9557957422,UID2045,MP50HW4257,MP38DP5954
Sneha Joshi,Amit Tiwari,9120723149,UID2046,MP21YS6314,MP82BK4865
Pooja Gupta,Anjali Patel,9389000074,UID2047,MP98BX6820,MP46VU3408
Sneha Mishra,Amit Sharma,9071058316,UID2048,MP66AD5739,MP47HJ8577
Anjali Tiwari,Rahul Joshi,9722061812,UID2049,MP22DP2671,MP18XR4709
Karan Tiwari,Amit Singh,9831011335,UID2050,MP78BA2429,MP71OQ7597
Arjun Gupta,Anjali Sharma,9580725800,UID2051,MP78NF3058,MP49MX6257
Sneha Sharma,Rahul Singh,9024119586,UID2052,MP86FH2235,MP78QR1834
Arjun Singh,Karan Chauhan,9682717209,UID2053,MP58IM6067,MP57JL2481
Neha Joshi,Amit Sharma,9166230837,UID2054,MP92GA8077,MP42UB8881
Rahul Verma,Rahul Mishra,9351908792,UID2055,MP52IZ6227,MP38OE8669
Neha Mishra,Anjali Verma,9594668386,UID2056,MP61QI4196,MP93XS7795
Arjun Joshi,Anjali Verma,9556851974,UID2057,MP33JK2981,MP34XP3014
Rahul Singh,Amit Gupta,9569214663,UID2058,MP13EP6719,MP18VR7176
Vikas Gupta,Rahul Yadav,9096530512,UID2059,MP11GQ7822,MP93CV3936
Anjali Mishra,Karan Verma,9139330872,UID2060,MP77HF3059,MP22IR8186
Rahul Tiwari,Rahul Chauhan,9459039458,UID2061,MP79GV3259,MP91BE4991
Neha Sharma,Neha Sharma,9088104693,UID2062,MP64JO2249,MP74VT9786
Karan Verma,Neha Yadav,9698047203,UID2063,MP72EP3545,MP38ZD4339
Karan Singh,Rahul Joshi,9343164233,UID2064,MP89GI9219,MP40RI8558
Rahul Patel,Rohit Gupta,9562725516,UID2065,MP64JV3244,MP63ZX9966
Neha Joshi,Sneha Verma,9732647257,UID2066,MP71TY2781,MP85HX3865
Amit Verma,Anjali Tiwari,9664254682,UID2067,MP39GH4570,MP42UJ5323
Rahul Tiwari,Vikas Mishra,9317788532,UID2068,MP10YS8254,MP18RC5494
Neha Mishra,Arjun Sharma,9957954535,UID2069,MP39RH9599,MP24ZY1204
Karan Mishra,Rohit Joshi,9850851869,UID2070,MP94RA9903,MP85VL7448
Vikas Yadav,Anjali Sharma,9486068875,UID2071,MP24JY4478,MP89LR7014
Amit Sharma,Rohit Gupta,9256251185,UID2072,MP11DO2624,MP63PP5955
Anjali Verma,Arjun Tiwari,9884235005,UID2073,MP30QO9815,MP34WK9072
Sneha Sharma,Karan Joshi,9612405472,UID2074,MP75OE5386,MP68RW2637
Arjun Joshi,Neha Chauhan,9330694231,UID2075,MP73MS6569,MP63GU6377
Pooja Sharma,Sneha Singh,9744941603,UID2076,MP13WZ6564,MP78IW5542
Sneha Gupta,Neha Verma,9952895471,UID2077,MP86CU8419,MP64EI2000
Vikas Patel,Neha Joshi,9737489508,UID2078,MP54NZ7530,MP81NC1624
Rohit Tiwari,Rahul Chauhan,9877251789,UID2079,MP72FU7947,MP72GI3999
Anjali Yadav,Rahul Yadav,9571411296,UID2080,MP42LG2977,MP41GX4236
Sneha Yadav,Pooja Verma,9116334856,UID2081,MP32QE6607,MP14FK4253
Pooja Yadav,Karan Sharma,9914653361,UID2082,MP73KD5313,MP91JU8426
Amit Mishra,Anjali Yadav,9509093766,UID2083,MP27ED9524,MP89CO3687
Rohit Chauhan,Pooja Tiwari,9757391614,UID2084,MP41MZ5039,MP64RP3011
Anjali Yadav,Vikas Tiwari,9457997425,UID2085,MP14WB5329,MP16QI3183
Vikas Sharma,Pooja Verma,9945605782,UID2086,MP55CE1681,MP95PV5014
Neha Verma,Karan Joshi,9599678270,UID2087,MP86SQ5406,MP81JF9894
Vikas Mishra,Pooja Chauhan,9021593523,UID2088,MP36JS1221,MP45JD8152
Anjali Tiwari,Rahul Joshi,9812577759,UID2089,MP42AR4482,MP18NZ6891
Vikas Tiwari,Neha Tiwari,9060579116,UID2090,MP88CW4291,MP16UR4809
Rahul Yadav,Rahul Gupta,9990877523,UID2091,MP94NI3378,MP94HW9727
Rahul Sharma,Vikas Patel,9196611525,UID2092,MP81DI1423,MP18RD5261
Neha Singh,Anjali Chauhan,9479632914,UID2093,MP88RD1322,MP80XJ4575
Rohit Gupta,Amit Verma,9391326390,UID2094,MP55WI1353,MP31NE5109
Neha Yadav,Amit Chauhan,9508926879,UID2095,MP47VN4574,MP55FX7953
Neha Joshi,Karan Yadav,9183113009,UID2096,MP66ZD1695,MP44MP2909
Karan Yadav,Anjali Gupta,9950854130,UID2097,MP78NW5258,MP17PO2902
Rahul Sharma,Amit Verma,9854795744,UID2098,MP27JO1749,MP62MN6897
Sneha Gupta,Arjun Verma,9168831836,UID2099,MP79CW7098,MP94FY8589
Arjun Singh,Arjun Tiwari,9984848737,UID2100,MP19UM7702,MP74SC9684
Rohit Tiwari,Amit Gupta,9725887951,UID2101,MP52TV2965,MP29AE1764
Sneha Patel,Neha Yadav,9261721289,UID2102,MP67GT8343,MP29TX9603
Sneha Mishra,Arjun Verma,9349540899,UID2103,MP42ZC7645,MP40RH4452
Amit Joshi,Pooja Tiwari,9837002162,UID2104,MP38NF2405,MP14LR7753
Pooja Singh,Anjali Verma,9359020991,UID2105,MP59CL4415,MP65MI8378
Anjali Gupta,Anjali Tiwari,9918927546,UID2106,MP78PX5736,MP73KO2293
Amit Mishra,Vikas Patel,9819531597,UID2107,MP82YK7548,MP92VV4187
Amit Chauhan,Sneha Tiwari,9720380604,UID2108,MP80OQ3967,MP33KD9472
Anjali Joshi,Anjali Singh,9285570177,UID2109,MP56XR1363,MP70ON7324
Arjun Singh,Arjun Sharma,9729322454,UID2110,MP31HC1588,MP14MV6413
Vikas Sharma,Karan Tiwari,9325339417,UID2111,MP20YN6623,MP76TO5587
Neha Yadav,Rohit Gupta,9370256664,UID2112,MP35VE5906,MP55GO4471
Rohit Sharma,Sneha Joshi,9426343578,UID2113,MP93SP7288,MP54VF5275
Karan Sharma,Rohit Chauhan,9425862771,UID2114,MP63UW8190,MP58YW1376
Rahul Tiwari,Neha Chauhan,9664200135,UID2115,MP10TZ3962,MP24SG7590
Amit Verma,Sneha Yadav,9832988807,UID2116,MP31KH3754,MP12YJ8745
Pooja Sharma,Anjali Patel,9600661924,UID2117,MP37JY5529,MP51NO5512
Neha Tiwari,Rohit Tiwari,9436612365,UID2118,MP32QY8897,MP61NQ5533
Rohit Patel,Sneha Patel,9714899285,UID2119,MP81WB6678,MP56TL3796
Rahul Chauhan,Rohit Joshi,9639734322,UID2120,MP49ZN5800,MP12ZT9792
Pooja Patel,Pooja Singh,9697546132,UID2121,MP67VP2354,MP71QZ5151
Neha Joshi,Vikas Joshi,9331147221,UID2122,MP13QG6671,MP97AJ3180
Karan Verma,Arjun Singh,9975473782,UID2123,MP75ID5566,MP41HI1653
Karan Tiwari,Sneha Yadav,9306025483,UID2124,MP33QF3672,MP79QB7838
Pooja Chauhan,Rahul Mishra,9270999997,UID2125,MP78LF8901,MP21FP6291
Neha Sharma,Vikas Gupta,9095146349,UID2126,MP40ME7656,MP57NY7481
Neha Sharma,Rohit Verma,9000008720,UID2127,MP56VM4702,MP78KF3924
Sneha Yadav,Anjali Yadav,9057443702,UID2128,MP51CR5829,MP52DX2710
Rohit Mishra,Rahul Joshi,9451193112,UID2129,MP76WX5702,MP69GW7765
Arjun Singh,Neha Yadav,9582593255,UID2130,MP35XA5049,MP21EM2281
Sneha Joshi,Neha Tiwari,9280808086,UID2131,MP50MJ9961,MP95EN8641
Pooja Mishra,Rohit Joshi,9259938889,UID2132,MP71CA2296,MP93OH6340
Arjun Gupta,Anjali Chauhan,9559958459,UID2133,MP12HE5345,MP51EM5003
Neha Chauhan,Vikas Joshi,9986545574,UID2134,MP26HG2545,MP83ZY3460
Neha Tiwari,Karan Tiwari,9396048050,UID2135,MP56UQ8435,MP31MZ3159
Arjun Verma,Pooja Joshi,9304494966,UID2136,MP15GA9322,MP50GA5738
Arjun Patel,Sneha Chauhan,9330589753,UID2137,MP96ZU9487,MP89HX3263
Pooja Joshi,Sneha Joshi,9206237674,UID2138,MP94MC9875,MP93SK2157
Neha Sharma,Vikas Mishra,9503752851,UID2139,MP86YK3782,MP55SI7533
Karan Chauhan,Sneha Yadav,9696891196,UID2140,MP86SF7037,MP82MR1472
Amit Singh,Karan Mishra,9424337698,UID2141,MP34IP6459,MP91JN5482
Arjun Verma,Rahul Mishra,9221802229,UID2142,MP69SA6269,MP13VE5499
Neha Chauhan,Arjun Gupta,9317235473,UID2143,MP23OH5243,MP27QU4249
Arjun Chauhan,Rahul Singh,9770830533,UID2144,MP60BQ4733,MP77GM7760
Vikas Tiwari,Rohit Verma,9510746049,UID2145,MP70DQ9951,MP76BC6161
Pooja Chauhan,Sneha Patel,9864672527,UID2146,MP56YC2272,MP25CD4732
Amit Tiwari,Amit Mishra,9796158752,UID2147,MP36BO5000,MP93ZO1935
Arjun Mishra,Rahul Mishra,9969101597,UID2148,MP43EO6303,MP34ZH6418
Amit Patel,Anjali Yadav,9903125692,UID2149,MP57CQ2400,MP24JW6222
Pooja Patel,Rohit Chauhan,9254809241,UID2150,MP57RS5585,MP72KT9071
Pooja Sharma,Vikas Joshi,9553175342,UID2151,MP40VQ5422,MP17QR2581
Rohit Tiwari,Rahul Tiwari,9728786367,UID2152,MP91XX2269,MP81JX3290
Anjali Verma,Karan Joshi,9586910309,UID2153,MP88QT3372,MP50KV2861
Rohit Tiwari,Sneha Singh,9998721908,UID2154,MP59EU6785,MP14EH5502
Rohit Joshi,Rahul Gupta,9135833450,UID2155,MP39PJ9949,MP91WN4887
Anjali Mishra,Sneha Joshi,9772967138,UID2156,MP71BC8320,MP12CP7990
Arjun Gupta,Sneha Patel,9235807538,UID2157,MP62LI1772,MP96LL8710
Amit Singh,Vikas Tiwari,9454719261,UID2158,MP25PI4136,MP47NU6663
Rohit Tiwari,Rahul Tiwari,9135710091,UID2159,MP48SE2814,MP57QE4809
Neha Tiwari,Sneha Singh,9534562756,UID2160,MP80CG5038,MP74UX7990
Pooja Yadav,Amit Patel,9521800795,UID2161,MP24HO9431,MP92PJ5343
Arjun Chauhan,Vikas Yadav,9322094054,UID2162,MP72OR7505,MP61MU9065
Anjali Singh,Karan Singh,9714794638,UID2163,MP33NU2099,MP65KC6958
Anjali Mishra,Vikas Verma,9505956663,UID2164,MP55IN7241,MP46IN2268
Arjun Gupta,Sneha Joshi,9714268472,UID2165,MP60DQ3419,MP25SE9997
Vikas Verma,Pooja Joshi,9365480378,UID2166,MP40GV1501,MP22SD4478
Neha Sharma,Rohit Sharma,9655771426,UID2167,MP10SX4383,MP18XS8623
Amit Sharma,Sneha Gupta,9760689790,UID2168,MP27XG4693,MP15UF5597
Neha Gupta,Neha Verma,9752797296,UID2169,MP44QY3372,MP21JI5674
Neha Chauhan,Anjali Tiwari,9839864992,UID2170,MP56SE4712,MP83GZ6985
Anjali Gupta,Rahul Sharma,9214628504,UID2171,MP11MU2076,MP25VB2343
Karan Joshi,Rahul Verma,9189991196,UID2172,MP90AU4364,MP17MK3629
Amit Yadav,Vikas Gupta,9480237264,UID2173,MP92JK8328,MP97PM7176
Pooja Mishra,Neha Singh,9509142203,UID2174,MP78ZZ7151,MP23XD1157
Karan Verma,Karan Yadav,9027554712,UID2175,MP57ZI8465,MP60EZ6370
Anjali Tiwari,Neha Verma,9279969386,UID2176,MP13WH5423,MP70EC3746
Anjali Patel,Anjali Tiwari,9844554073,UID2177,MP39LR4329,MP97CB3876
Arjun Mishra,Karan Chauhan,9895732971,UID2178,MP44XX2696,MP82BT9806
Rahul Verma,Rahul Sharma,9054268783,UID2179,MP21RU1171,MP58HO9619
Anjali Gupta,Anjali Tiwari,9261434964,UID2180,MP86KO3536,MP84HB8799
Neha Mishra,Rohit Yadav,9126692872,UID2181,MP45XD6177,MP34UZ7303
Rahul Verma,Anjali Joshi,9768657535,UID2182,MP52GT4260,MP75VQ1026
Pooja Verma,Vikas Patel,9884326355,UID2183,MP17MU6652,MP72PY7649
Amit Singh,Karan Yadav,9148364824,UID2184,MP25QY8234,MP73SQ8731
Sneha Chauhan,Arjun Joshi,9985697637,UID2185,MP31RF2436,MP92UH3472
Rohit Tiwari,Karan Yadav,9535726017,UID2186,MP93AE3498,MP58FU1473
Pooja Yadav,Anjali Mishra,9432654799,UID2187,MP31QM9223,MP22KM1694
Rohit Yadav,Karan Sharma,9614820036,UID2188,MP17UJ4234,MP25OW5543
Pooja Sharma,Arjun Mishra,9030797671,UID2189,MP94QM4881,MP67CO7816
Rahul Patel,Neha Verma,9349364976,UID2190,MP32JE9062,MP17OC8844
Sneha Tiwari,Karan Yadav,9939779745,UID2191,MP49DX1557,MP42DC7981
Rahul Patel,Rohit Patel,9225265223,UID2192,MP93IQ9725,MP68XZ6616
Rahul Sharma,Neha Yadav,9908418721,UID2193,MP53HH1915,MP25MX8354
Rohit Joshi,Rohit Tiwari,9992241213,UID2194,MP59SJ1734,MP49ZO8939
Neha Verma,Sneha Gupta,9954985630,UID2195,MP29YI2066,MP78JO5130
Neha Tiwari,Sneha Tiwari,9715215138,UID2196,MP42YR4006,MP38HT2123
Karan Yadav,Karan Patel,9527902157,UID2197,MP50NW5849,MP40IF9963
Neha Gupta,Amit Sharma,9029652134,UID2198,MP98CZ8203,MP10HY8610
Rahul Verma,Vikas Sharma,9413631198,UID2199,MP25JZ5653,MP38ZT2815
Amit Gupta,Rohit Mishra,9854109010,UID2200,MP88IY5409,MP10PM1207
